year,semester,review
2025,1,"개인적으로는 컴퓨터학과 최고의 명강이라고 생각합니다.

운영체제 과목의 내용 자체도 굉장히 흥미로웠지만, 수업 내용에 대한 학생들과의 질의응답을 중시하는 교수님의 수업 방식이 저와는 굉장히 잘 맞았습니다. 

모르는 개념에 대해 교수님에게 질문하고, 역으로 교수님의 질문에 대한 답변을 준비하는 과정에서, 운영체제의 각 Policy나 Mechanism이 왜 등장하게 되었는지, 어떤 역할을 어떻게 하는지, 장/단점은 무엇인지, 어떻게 응용할 수 있는지 등을 스스로 명확하게 정리할 수 있었습니다.

교수님과의 티키타카 방식으로 진행되는 수업을 선호하고, 난이도가 조금  있는 편이더라도 명강을 선호하시는분들이라면 강추드립니다

실습 과제의 경우 총 두번 주어졌는데, 첫 과제는 그리 어렵지 않은편이었으나, 두번째 과제의 경우 난이도가 높은편이었고, 전체적인 디버깅과 보고서 작성에 꽤 많은 시간을 필요로했습니다. (제 경우에는 이틀정도 걸린 것 같고, 다 끝내지 못하고 제출하시는 분들도 꽤 많았습니다.)

시험은 중간 / 기말 둘 다 오픈북 방식으로 치뤄졌으며, 오픈북답게 확실히 매우 어렵지만, 강의 내용을 이해했다면 충분히 풀 수 있는 난이도의 문제들이 출제되었습니다.  (출력물은 원하는 만큼 지참이 가능했습니다.)
보통 3~4개의 문항이 주어졌는데, (각 문항별로, 2~3개의 부분문제가 있습니다.) 개념을 묻는 문제와 그를 응용해 본인이 수도 코드를 작성(세마포어 등)하거나, 다이어그램을 그리는 문제(System Call, Page Table)등이 주어졌습니다.
시험 답안의 애매한 부분에서는 조교님들께서 최대한 부분점수를 주려하시는 것이 보여 본인이 수업을 열심히만 따라간다면 학점도 충분히 잘 받을 수 있을 것 같습니다.
이 강의를 추천!학점을 '기대 이상'(이)라 평가한 강의평입니다."
2025,1,"출석: LMS로 코드로만 하시고 성적 반영에 출석 점수가 없기 때문에 출석 부담은 전혀 없는 강의였습니다.

강의 내용: 운영체제의 역사부터 스케줄링, 쓰레드, 메모리 관리 등 운영체제 전반에 대해서 다루는 강의입니다. 각 기술이 등장하게 된 흐름과 맥락까지 다뤄주시기 때문에 조금만 관심있게 들으면 큰 도움이 될 것입니다. 수업 중간 중간에 출석부를 보시고 학생을 집어서 질문을 하시는데 본인이 걸리지 않았더라도 이 질문에 대해 깊이 고민해 보는 것이 큰 도움이 되었습니다.

과제: 프로젝트가 2개 있는데, 1개는 function call을 구현하는 것이었고, 1개는 스케줄링을 시뮬레이션하는 것이었습니다. 과거에는 과제에서 마구 감점을 하셨다고 하는데 이번에는 그렇지 않았던 것으로 보입니다. 과제 환경설정이 큰 벽이 될 수 있습니다만, 그것만 잘 넘기면 그다지 어렵지 않습니다.

시험: 오픈북 시험입니다. 따라서 단순 지식을 확인하는 문제가 아닌 응용 문제가 대부분입니다. 일단 뭐라도 적어 내면 1점이라도 챙겨 주려고 노력을 하시니, 정 모르겠으면 관련 개념이라도 적고 나오시는 것을 추천드립니다.
이 강의를 추천!학점을 '보통'(이)라 평가한 강의평입니다."
2025,1,"유혁 교수님의 운영체제입니다.
우선 유혁 교수님은 운영체제 분야에서 정말 오랫동안 기여하신 연구자로 이 분야에서 정말 많은 관점을 배울 수 있었습니다.
능동적인 사고를 학생들이 할 수 있도록 해주시며, 시험은 전부 오픈북으로 이루어집니다.
오픈북이기 때문에 문제가 쉽지는 않지만, 생각을 조금만 하신다면 모두 풀 수 있습니다.
학점은 에쁠은 잘 안주시지만, 에제까지는 정말 널널하게 주셨습니다.
운영체제를 잘 배웠다 라는 생각이 절로 드는 수업이었습니다.
이 강의를 추천!학점을 '기대 이상'(이)라 평가한 강의평입니다."
2025,1,"교수님께서 설명을 정말 잘 해주시고 생각할만한 부분을 많이 제시해주십니다.
그만큼 중간/ 기말고사의 난이도도 높은 편이고, 자료분량 제한 없는 오픈북인만큼 단순 암기보다 개념에 대한 이해가 더 중요합니다.
과제는 기본적인 C 문법과 알고리즘 이해도가 갖춰지면 큰 어려움은 없겠으나 시간이 소요되는 편이라 미리 해두시는게 좋을 것 같습니다.
전반적으로 많이 배워가는 강의였습니다.
이 강의를 추천!학점을 '기대 이상'(이)라 평가한 강의평입니다."
2025,1,"교수님이 참 스윗하시고 내용도 괜찮습니다. 학생들 편의를 너무 봐주시느라 고생하시는 느낌이 있었습니다
학점을 '보통'(이)라 평가한 강의평입니다."
2025,1,"자율출석으로 진행하지만 1/3 이상 결석만 하지 않으면 감점이 없고 매번 녹화강의를 업로드해주셔서 스케줄을 유연하게 가질 수 있는 것이 가장 큰 장점입니다. 학점도 괜찮게 주십니다.
학점을 '기대 이상'(이)라 평가한 강의평입니다."
2025,1,"정말 좋은 교수님이십니다. 수업 시간 내내 질의응답이 정말 활발하게 진행되며, 조교님들도 친절하세요. 단, 운영체제라는 과목 자체가 쉽지 않은 과목이기에 평소 열심히 복습해야합니다. 시험도 오픈북이지만 난이도 있는 응용 문제들로 출제되어 어렵습니다.
이 강의를 추천!학점을 '보통'(이)라 평가한 강의평입니다."
2025,1,"출석: 스마트출결로 하십니다! 하지만 수업 방식 상 안 오면 안 온 거 티납니다 ㅜㅜ

수업: 저는 정말 재밌게 수강했습니다! 교수님의 설명도 좋았어요. 그런데 바로 배운 내용에 관하여 질문을 하십니다 ㅠㅠ 전체에게 하는 질문이 아니라 명단을 보며 이름을 부르시며 질문을 하십니다... 이해가 느린 저에게는 좀 힘든 수업이었어요. 질문을 하시려 할때마다 지옥이었습니다. 그래도 덕분에 생각을 확장하는 방법은 경험해볼 수 있었어요. 질문에 대답을 잘 하면 음료수를 주시기도 해요. 모든 수업 내용은 녹음본을 주셔서 복습하는데에 좋습니다!

과제: 총 2개로 중간에 하나 기말에 하나가 있었어요. 중간은 비교적 쉬웠으나 기말은 너무 어려웠어요. 그래도 과제 점수는 매우 잘 주시는 것 같아요 대부분의 학생들이 100점을 받는 것 같아요 근데 저는 100점이 아니긴 했어요 ㅎㅎ 기말 과제는 많이 까다로우니 미리미리 시작하세요 ㅜㅜ 지피티는 너무 어렵게 하기에 스스로 하는 걸 추천드립니다

시험: 3개년 기출을 모두 주십니다! 시험은 오픈북이지만 오픈북인 만큼 어려웠어요 ㅜㅜ 다회독 하고 기출 분석하면서 준비하면 될 것 같아요. 중간은 어려워서 평균이 50정도였고 기말은 65였습니다.

학점: 저는 중기말 모두 딱 Q3였고 과제는 중간때 2점 까였는데 A0 받았어요. (중기합 평쁠 26) 듣기로는 A+을 적게 주시는 대신에 A0을 많이 주신다고 하네요. 쨌든 A+은 받기 어려운데 공부만 좀 열심히 하면 A0는 받기 괜찮은 것 같아요!
이 강의를 추천!학점을 '보통'(이)라 평가한 강의평입니다."
2025,1,"클루평을 보고 강의 선택할때 수업 내용을 잘 이해해야 시험 풀수 있다고 봤는데 이해를 넘어서 응용까지 다 할수 있어야 한다고 느꼈습니다
강의는 진짜 잘하십니다
이 강의를 추천!학점을 '기대 이상'(이)라 평가한 강의평입니다."
2025,1,"질문을 위주로 수업을 나가실 때가 많은데 뒤에 앉으면 질문이 안 들려 놓칠 때가 많다.
강의 자료가 이해하기 쉽고 교수님도 잘 설명해주셔서 좋았습니다.
교수님 인품이 매우 좋으시고, 질문에 대답을 잘 하면 음료수도 주십니다.
A0는 매우 잘 주는 반면에 A+는 매우 안 주시는 것 같습니다. 나머지는 모두 같다는 가정 하에 시험 점수가 40점 차이나도 같은 학점을 받았다는 소문이 있습니다.
학점을 '기대 이하'(이)라 평가한 강의평입니다."
2025,1,"제가 지금까지 수강했던 컴퓨터학과 전공들과 조금 결이 다른 수업이었으나 사실 이게 근본적으로는 맞는 방향인 것 같습니다
단순히 족보를 암기하거나 개념을 익혀서 푸는 시험이 아닌 정말 해당 개념을 깊게 이해하고 연결할 수 있으며 응용하는 정도까지 가야 수월히 시험을 치를 수 있습니다
수업하는 동안에도 학생들과 계속해서 질문을 주고받는 형식으로 진행하십니다
논설 컴구 차례차례 듣고 바로 운체 들었는데도 생각보다는 힘들었습니다 
사실 성적이 좋지 않을 것이라 생각했는데 에제 주신 것을 보면 어느정도 수업의 난도를 고려하셔서 너그럽게 학점을 주시는 듯 합니다.
이전 클루평엔 상위 30% 정도 주신다 하셨는데 엄... 이번 제 성적 생각하면 저는 30% 안에는 못 들었을 것 같아서...ㅎㅎ 조금 더 주신 듯 합니다.
학점을 '기대 이상'(이)라 평가한 강의평입니다."
2025,1,"유혁 교수님께서 강의력이 너무 훌륭하십니다! 운영체제에 관한 정말 다양한 기술과 개념을 다루시고, 기술의 원리와 기술이 생겨난 배경, 기술의 장단점을 자세히 알려주십니다. 운영체제에 관한 전반적인 지식이 넓게 생길 수 있었던 명강이었습니다.
이 강의를 추천!학점을 '보통'(이)라 평가한 강의평입니다."
2025,1,"학습 부담이 크지않음. 프젝이 살짝 까다로울 수 있는데 vim환경에 익숙하면 꽤 쉽게 끝남. 후하게 채점하시는 듯 하면서 얄짤없음. 시험 문제에서 교수님이 바라시는 정확한 답을 적어야할 때도 있고, 자기 주관대로 풀어도 되는 문제도 있음. 교수님이 바라는 정확한 답도 주관적인 내용을 정답처리해주는 경우가 있으나, 리눅스 동작을 다 이해하고 서술해야함
학점을 '보통'(이)라 평가한 강의평입니다."
2025,1,"교수님께서 학생들에게 질문을 자주 하시고 학생들의 이해를 돕기 위해 긴 시간 노력하십니다. 중간고사와 기말고사는 오픈북 시험이었습니다. 기출을 제공해주시기 때문에 기출 토대로 유형을 익히면 좋습니다. 리눅스를 이용한 과제가 나왔는데 초기에 설정만 잘하고 며칠 투자하면 할 수 있습니다.
이 강의를 추천!학점을 '보통'(이)라 평가한 강의평입니다."
2025,1,"강의 내용이 어렵다. 나도 이해를 잘 못한 것 같은데 학점 나름 괜찮게 뽑힌 것 같으니 만족이다. 혀튼 컴퓨터구조가 선수과목이라 먼저 듣고 오면 더 좋을 것 같다는 생각이 든다. 과제할땐 구글링 하든 챗지피티한테 물어보든 열심히 해보라.
학점을 '기대 이상'(이)라 평가한 강의평입니다."
2025,1,"컴과의 명강이라길래 어렵게 잡아서 수강했습니다
확실히 교수님께서 학생들 생각을 많이 하시고, 질문을 엄청 잘받아주십니다
그러나 그게 저와는 잘 맞지 않았습니다... 저는 개인적으로 학생이 질문하고 교수님께서 답하시며 성장하는 수업보다 교수님께서 일방적으로 알려주시는 수업을 선호하기 때문에... 수업 중에 학생 지목해서 질문하시는데 확실히 집중도가 올라가긴 하지만 내성적인 사람으로서 꽤나 부담스럽고 무서웠습니다ㅜㅜ
시험은 오픈북으로 진행하는데도 평균과 최고점이 상당히 낮은 아주 어렵고 복잡한 문제로 되어있습니다
단순히 개념을 외워선 절대 못풀고 개념을 완벽히 이해하고 머리속에서 응용할 줄 알아야 합니다
학점은 말그대로 에제 폭격기이십니다 중간은 중앙값보다 낮고 기말은 높은 애매한 성적이었는데도 에제를 주셨습니다.(에제 받은 사람들 성적 스펙트럼이 상당히 넓습니다)
타과생이라 기출문제 제공해주시는 건 정말정말 좋았습니다. 강의 녹음본도 주시는데, 들어본 적은 없지만 필요하신 분께는 아주 유용할 것 같았습니다
이 강의를 추천!학점을 '기대 이상'(이)라 평가한 강의평입니다."
2025,1,"수업도 잘 해주시고, 과제도 편의 많이 봐주십니다. 
특히 학생들을 위한다는 게 많이 느껴져요.
과제는 1차는 매우 쉬운 그냥 system call 과제, 2차는 cpu 스케줄링 구현 과제였는데, 그렇게 어렵지 않아서 할 만 합니다.
시험이 조금 빡센데, 족보도 주시고 해서 공부하기는 맘 편하지만, 그래도 한 만큼은 나온 것 같아요
이 강의를 추천!학점을 '기대 이상'(이)라 평가한 강의평입니다."
2025,1,"교수님께서 착하시고 위트도 있으심
수업 중 고민할만한 질문을 던지시는데 발표 잘하면 음료수도 주심
시험은 오픈북인데, 달달 외워서는 못풀고 내용을 이해해야 건드릴 수 있으니
암기식으로 외우는 것 보단 교수님이 강조한 부분을 계속 생각해봐야함
과제가 두번 있었는데 우분투 가상환경 구축해서 커널에 시스템콜 추가하는거임
우분투 가상환경 자꾸 오류나서 힘들었는데 과제 자체가 어려운건 아니었음
이 강의를 추천!학점을 '보통'(이)라 평가한 강의평입니다."
2025,1,"한줄평: 유명한 명강 of 명강입니다.

솔직히 운체가 전필이라 어려울 거 예상하고 들었지만 교수님께서 학생들 편의를 봐주셔서 쉽게 쉽게 설명해주시려는 게 느껴졌습니다.
그리고 유혁 교수님은 워낙 유명하신 분이라 더 말 안해도 되겠지만 CS 지식이 상당하신 분이며 인사이트도 남다른 분이라는 게 느껴진 수업이었습니다. 수업 중간 중간 가끔식 수업 외 내용으로 이야기하실 때가 있는데 학생들 생각해서 진지하게 조언을 해주실 때도 있어 좋았던 것 같습니다.

다만, 수업 진행 방식이나 시험 방식은 호불호가 갈릴 것 같습니다. 수업 때 매수업 몇 명의 학생들을 출석부에서 부르시며 수업 내용을 질문하십니다. 물론 답변 못한다고 감점이 있거나 한 게 아니지만 내향적인 분들은 조금 부담스럽다고 느낄 수도 있을 것 같습니다. 시험은 오픈북인데 새끼문제 한 두 문제 제외하고는 응용을 잘하셔야 점수를 잘 받아가실 수 있습니다. 수업 시간부터 평소에 학습하시면서 단순히 필기하시기 보다는 개념을 자기만의 언어로 설명해보거나 그 개념이 어떻게 실제로 사용되는지 이미지를 머리속으로 그려보시면 도움 될 것 같습니다. 시험기간에 공부하실 때에는 GPT한테 헷갈리는 개념은 바로바로 물어보시는 거 강추!!

과제는 총 두개가 나오는데 생각보다 시간이 많이 쓰이니 미리미리 하시는 걸 추천드립니다. 저같은 경우에는 방심하다가 마지막의 마지막까지 하다가 5분전에 겨우겨우 제출했습니다. 난이도는 크게 어렵지는 않은데 VM 환경이 익숙치 않은 분들은 환경 자체에 적응하시는 데에 시간을 오래 쓰실 수도 있어서 꼭 미리미리 하시는 걸 추천합니다!

다른 분들 보니 A+은 컷이 좀 높은 편 같고 A0는 엄청 후하게 주시는 분위기 같습니다. 전 과제 두개 모두 만점, 중간 기말 평쁠합 40 이상 정도로 A+ 받아 갈 수 있었습니다.
이 강의를 추천!학점을 '기대 이상'(이)라 평가한 강의평입니다."
2025,1,"정보대의 대 혁, 단순히 수업외에도 생각에 관한 여러가지 통찰을 얻을 수 있다고 생각합니다. 설명 되게 잘해주시고 시험도 오픈북이라 이해만 하면 시험공부 조금 하고도 성적을 되게 잘 받을 수 있고 과제도 VM이나 커널이 익숙치 않아 어려워 보일 수 있지만 생각보다 되게 쉽고 금방 끝납니다.
이 강의를 추천!학점을 '기대 이상'(이)라 평가한 강의평입니다."
2025,1,"수업 중간중간 학생들을 지목해서 질문을 하시는데
처음에는 이게 되게 부담스러웠는데 한편으로는 수업 내내 긴장상태로 집중해서 들을 수 있어서 좋았어요(?)
강의력 정말 좋으세요!
이 강의를 추천!학점을 '기대 이하'(이)라 평가한 강의평입니다."
2025,1,"교수님이 정말 학생들을 생각하시는 교수님이십니다. 뒤로 갈수록 난이도가 꽤 높아지고 특히 과제 난이도가 있는 편이라 과제에서 점수가 와장창 깎이기 쉬워요. 중간기말 잘 봤는데도 생각한만큼 학점은 안 나올 수 있어요. 그래도 정말 추천하는 강의입니다.
이 강의를 추천!학점을 '기대 이하'(이)라 평가한 강의평입니다."
2025,1,"수업 시간에 얻어갈 내용이 많은 수업이며 학습량이 많다면 많고 적다면 적겠습니다. 최소한의 학점이 목표면 오픈북 시험이기에 바로 가서 한 개만 적고 오시면 되고 전부 공부하시고 이해하시려면 학습량이 많습니다. 수업 시간이나 끝나고 질문을 적극적으로 하기 추천드립니다. 처음 듣기에 모호한 내용이기에 질문을 적극적으로 하세요
이 강의를 추천!학점을 '보통'(이)라 평가한 강의평입니다."
2025,1,"대학교의 어렵고 멋있는 수업의 정석이란 유혁 교수님의 수업이지 않을까 합니다. 사고를 해야하는 식으로 수업이 진행되며, 교수님께서 정말 많은 질문을 던지십니다. 그만큼 시험 문제는 매우 어렵습니다. 오픈북이고 어떠한 자료를 다 들고 와도 되지만, 그 자료에서 문제와 답을 찾기란 어렵습니다. 운영체제에 대한 이해를 바탕으로 서술을 해야하는 시험입니다.
이 강의를 추천!학점을 '보통'(이)라 평가한 강의평입니다."
2025,1,"괜찮은 강의였다고 생각합니다. 중요한 부분들을 개념적으로, 예시를 들어서 설명해주시는데, 강의안이 키워드 중심으로 정리되어 있기 때문에 강의안에 완전히 충실하지는 않아보였습니다. 단점일 수도 있겠지만 장점이 될 수도 있는 부분이라 생각합니다. 시험이 여타 컴퓨터학과 시험과 다르게 논술형으로 사고력을 요구하는 문제들이 나오는데 저는 중간에서는 이 부분이 적응이 되지 않아 아주 높은 성적을 받지는 못했었습니다. 미리 기출문제들을 제공해주시기 때문에, 시험 출제 방식에 잘 적응하시는 게 도움이 될 것 같습니다.
이 강의를 추천!학점을 '보통'(이)라 평가한 강의평입니다."
2025,1,"강의력 좋으시고 운영체제에 대한 전반적인 지식을 얻는 데 굉장히 좋았던 강의였습니다.
다만 시험문제가 오픈북이라 그런지, 가르쳐주시는 내용뿐만 아니라 개인적인 공부를 굉장히 많이 요구합니다.
가상머신으로 커널 시스템 콜 관련한 과제가 두개 있었는데, 시간이 상당히 많이 듭니다.
전반적으로 만족스러운 강의였습니다.
이 강의를 추천!학점을 '보통'(이)라 평가한 강의평입니다."
2025,1,"교수님의 강의력이 압권이라고 생각합니다. 수업 내용 뿐만 아니라 전반적인 사회 기조에 맞춰서 학생들에게 정말 도움이 되는 지식을 알려주시려는게 보였어요. 과제도 초반에 환경 설정하는 것은 어려웠지만 이후에는 그래도 할 만 했다고 생각합니다. 수강신청을 하실 수만 있다면 무조건 추천드리는 강의입니다.
학점을 '보통'(이)라 평가한 강의평입니다."
2025,1,"교수님께서 열정을 가지고 수업을 해주셔서 집중해서 듣는다면 얻어가는 게 많은 수업이나, 운영체제 내용 자체가 너무 어렵습니다.
이 강의를 추천!학점을 '보통'(이)라 평가한 강의평입니다."
2025,1,"강의력도 매우 좋으시고 배워가는거는 정말 많습니다 학습량이 많고시험도 어렵긴 한데 시간 투자해서 공부하면 잘 볼 수 있게 내주십니다
이 강의를 추천!학점을 '기대 이상'(이)라 평가한 강의평입니다."
2025,1,"제가 아둔해서 강의 내용의 5할도 이해못한 듯 합니다. 오픈북이라 시험공부에 대한(암기) 부담은 없지만 저처럼 아무것도 못쓰고 나오실 수 도 있습니다.
이 강의를 추천!학점을 '보통'(이)라 평가한 강의평입니다."
2025,1,"과제가 어렵다는 소문을 듣고 걱정하였는데, 생각보다 다들 잘 해내신 것 같습니다.
운영체제 과목 자체가 굉장히 흥미로워서 재미지게 들으실 수 있을 것 같습니다.
근데 아마 유혁 교수님의 마지막 강의로 알고 있습니다.
학점을 '보통'(이)라 평가한 강의평입니다."
2025,1,"강의내용이 어려운 부분은 어렵고 쉬운부분은 쉽습니다. 하지만 시험문제는 쉽지 않습니다. 수업시간에 배운 내용을 연결해서 응용하는 문제가 나와서 당황할 수 있습니다. 과제도 쉬운편인데 커널에서 구현하는거라서 시간이 좀 걸립니다. 질문도 잘 받아주시고 너무 좋았습니다. 강의력은 목소리가 약간 작으시지만 설명은 잘 해주십니다.
학점을 '기대 이상'(이)라 평가한 강의평입니다."
2025,1,"정말정말 수강신청 어렵게 해서 잡은 유혁 교수님 강의였습니다
왜 다른 강의평에서 다들 유혁 교수님 운영체제 강의를 꼭 들어보라 했는지 알 수 있었습니다
수업도 너무 재밌게 잘 해주시고 질문도 너무 잘 받아주시고,
깊이 생각해볼만한 질문도 너무 잘 던져주셔서 정말 큰 도움이 되었습니다
시험도 오픈북인데 그래서 좋습니다. 정말 이해하고 적용할 수 있는지를 테스트하셔서 그 부분이 큰 도움이 되었습니다
솔직히 또 들을 수 있다면 또 듣고 싶습니다
이 강의를 추천!학점을 '기대 이상'(이)라 평가한 강의평입니다."
2025,1,"교수님이 매우 열정적이시며, 학생들이 이해할 수 있도록 많은 공을 들인다는 느낌을 받았습니다. 학생들에게 질문하는 것을 매우 좋아하셨고, 수업 중 랜덤으로 학생을 지목하여 질문을 하십니다. 개인적으로는 부담스러운 때가 있었지만, 대신 참여 유도를 위해 음료수를 선물로 주시는 등 나름의 동기 부여도 있었습니다.

출석은 수업 시작시 lms로 했고 학기동안 과제는 두 번 있었습니다. 시험은 오픈북이었는데 배운 내용을 이해하고 있었는지가 굉장히 중요했습니다. 

전체적으로 학생과의 상호작용을 중요시하는 수업이었으며, 배울 것도 많지만 얻어가는 것도 많은 수업이었습니다.
학점을 '보통'(이)라 평가한 강의평입니다."
2025,1,"강의력이 무난하게 좋으십니다. 운영체제를 기초부터 알려주시지만, 복습을 부지런히 하지 않으면 따라가기 어려울 정도로 진도가 빠릅니다. 중간고사 범위에서는 운영체제 개괄과 프로세스를, 기말고사 범위에서는 스레드와 스케줄링, 메모리 관리를 배웁니다. 중간고사 범위가 운영체제의 기초를 잡기 위해 필수적인 것은 알지만, 중구난방인 느낌이라 공부하기가 힘들었고 기말고사 범위는 체계적으로 공부할 수 있어 더 수월했습니다. 다른 학생 분들도 마찬가지였는지, 중간고사 평균보다 기말고사 평균이 15점 정도 높게 나타났습니다. 시험 통계는 아래와 같았고, 저는 중간고사 53점과 기말고사 91점으로 (평균 +30) A0를 받았습니다. 그리고 교수님께서 겁을 주시는 것도 그렇고 학기 초반에는 과제가 걱정이 되었는데, 이번 학기 과제의 경우 1차과제는 C로 queue 구현만 할 수 있다면 무난한 수준이었고 2차과제는 스케줄러 4개 구현으로 다소 번거롭긴 했으나 사흘 정도 고민해 보는 정도로 충분히 완성할 수 있었습니다. 

중간고사: 평균 49.62, Q4 83, Q3 60, Q2 48, Q1 39, Q0 14
기말고사: 평균 65.08, Q4 92, Q3 80, Q2 69, Q1 56, Q0 5
이 강의를 추천!학점을 '보통'(이)라 평가한 강의평입니다."
2025,1,"유혁 교수님! 항상 열심히 수업하시는게 느껴지십니다.
기본 베이스가 없으면 힘들 수도 있을거같아요ㅠㅠ특히 텀프는 진짜 어려웠습니다.... 지피티와 함께하면 가능하긴 합니다
성적은 보통에서 조금 더 잘주시는 편인 것 같아요
이 강의를 추천!학점을 '기대 이상'(이)라 평가한 강의평입니다."
2025,1,"출석은 3분의 1만 채우면 상관 없습니다만, 강의를 꼭 들어야 좋은 학점을 받을 수 있기에 다 출석하시는걸 추천 드립니다.
운영체제의 전반적인 내용과 Ubuntu를 가상머신으로 설치해 작업하며 배웁니다.
마이크를 착용하시긴 하지만 교수님의 목소리가 작으니 앞자리 추천드립니다.
강의 녹음본도 올려주시지만 피피티에 없는 부가설명을 많이 하시는 편이라 꼭 강의를 가서 듣는걸 추천드립니다.
이 강의를 추천!학점을 '보통'(이)라 평가한 강의평입니다."
2025,1,"운영체제 유혁/A+
명강으로 유명한 강의인 걸로 알고 있습니다.
정말 대학강의 스러운 수업이었습니다. 개인적으로는 하나하나 떠먹여주는 수업을 좋아하는 편이라 저와는 잘 맞지 않았습니다만, 토론하고 탐구하는 것을 좋아하는 분이라면 잘 맞을 것 같습니다.
국강이지만 교수님 말씀을 이해하기가 다소 어려웠고, PPT가 그렇게 자세하지 않아 공부하는 데 애를 먹었습니다. 개인적으로는 수업을 듣는 것보다 교수님께서 쓰신 전공책을 보는 것이 더 이해하기가 쉬웠습니다. 그래도 열심히 공부하고자 하면 얻어갈 것은 많습니다. 
과제는 큐 시스템 콜 구현하는 것과 프로세스 스케줄링 구현하는 것 두가지가 있었는데, 첫 번째 과제는 쉽지만 두번째 과제는 난이도가 있고 시간을 상당히 많이 잡아먹습니다. 커널 코딩이라 생소한 오류가 많으며 컴파일하는 데도 시간이 오래 걸리고, 보고서도 길게 써야 하기 때문에 일주일 정도는 투자를 해야합니다. 이 외에도 자잘한 레포트 과제가 몇 개 나가는데 점수에는 들어가지 않는 것 같습니다.
3년치 중간고사와 기말고사를 올려주시기 때문에 족보를 구할 필요가 없습니다. 시험은 오픈북으로, 오픈북다운 난이도를 자랑합니다. 강의자료+전공책으로 커버할 수 있는 것이 절반, 이해를 해야만 풀 수 있는 어려운 문제가 절반 정도입니다. 중간고사는 어려웠고 기말고사는 중간고사보다 쉬웠습니다. 기말고사에 세마포어가 무조건 나오기 때문에 기출 보고 세마포어 문제를 공부해 가는 것이 좋을 것 같습니다. 
교수님께서는 친절하시며 질문을 매우 잘 받아주시고, 수업 중에도 중간중간 질문할 기회를 주십니다. 또한 교수님께서 참여형 수업을 좋아하셔셔 수업시간마다 출석부의 학생들을 랜덤으로 지목해서 기습질문을 하시는데 대답을 잘 하면 음료수도 받아갈 수 있습니다.
출석점수가 없고 매 수업마다 녹음본을 올려주시기 때문에 수업에 가지 않아도 괜찮습니다.
과제 만점, 중간고사 미디언+18,기말고사 미디언+20으로 A+을 받았습니다.
이 강의를 추천!학점을 '기대 이상'(이)라 평가한 강의평입니다."
2025,1,"유혁 교수님의 운체는 들어볼만 합니다. 타과에서 들었는데도 잘 이해가 되었습니다. 
시험 2번, 플젝 2번정도 나가고 학점은 예상대로주십니다
학점을 '보통'(이)라 평가한 강의평입니다."
2025,1,"내용 자체는 좀 어렵지만 교수님이 잘 가르쳐 주십니다. 교수님께서 학생 참여를 정말 적극적으로 유도하시고, 유쾌한 모습도 보이셔서 수업 분위기가 정말 좋았던 것 같습니다.

기말고사는 배운 내용을 기반으로 직관적인 문제들이 나와 합리적이라고 느꼈지만 중간고사에서는 교수님께서 너무 창의적인 문제를 내시려 하셨는지는 몰라도 근본적으로 운영체제 지식을 시험받기보다는 문제 이해력을 평가받는 기분이였습니다.

중간 미디언 살짝 아래, 기말은 미디언 +20점으로 에제 나왔습니다, 학점은 잘 주시는 것 같습니다
이 강의를 추천!학점을 '기대 이상'(이)라 평가한 강의평입니다."
2025,1,"교수님이 그냥 goat.
수업시간에 많이 알려주고 싶어하시지만, 기본 지식이 없으면 처음에 바로 알아듣기 조금 어려웠음. 
예습해가거나 선수과목을 잘 듣고 이수하길 추천
과제는 어렵지만 하면 또 나름 할 만하다고 생각했음. 
중간/기말 시험 방식이 적응되지 않아서 좀 힘들었음. 

복습을 하되, 기출을 미리 많이 풀어봐야 좋은 점수를 받을 수 있을 것 같음 .
이 강의를 추천!학점을 '기대 이하'(이)라 평가한 강의평입니다."
2025,1,"출석- 매번 lms로 하시는데 별로 안중요한 것 같습니다.
수업- 되게 전체적인 흐름을 알려주려고 하십니다. 좀 알아듣기 힘들었지만 노력하면 어찌저찌 따라갈 수 있어요
과제- 2번 있는데 첫번째건 할만하고 두번째건 미리 하는걸 추천드립니다. 보고서도 양식 지켜서 꼼꼼하게 써야합니다ㅏ.
시험- 진짜 너무나너무느ㅓ므너무 어려워요. 문제도 뭐라는지 모르겠고 아무말이나 써서 제출합니다. 그래도 불쌍해보여서 부분점수는 주시는 것 같습니다
학점- 성적 잘 안주십니다. 이게 제일 큰 문제인데 컴과는 성적을 잘 안줘도 명강이면 좋아해요;; 속지 마세요. 이미 운영체제를 좀 알거나 이거 하루종일 공부하는 사람들이나 에이쁠 받는거 같습니다.
학점을 '기대 이하'(이)라 평가한 강의평입니다."
2025,1,"교수님이 너무 좋으시고 내용도 연관성 중심으로 가르쳐 주셔서 되게 배우는게 많습니다.
단 내용이 어려워서 복습을 철저히 해야 될거 같습니다
과제 1은 쉽고, 과제2는 어려워서 미리하는게 좋습니다.
이 강의를 추천!학점을 '기대 이상'(이)라 평가한 강의평입니다."
2025,1,"운영체제 전반에 대해서 다루는 수업이고 개인적으로 지금까지 들은 전공 수업 중에 가장 많이 배워가는 수업이었던 것 같다. 시험은 기출 제공해주시고 과제는 커스텀 시스템콜 추가와 가상 CPU 스케줄링 구현하는 것이 나왔다. 수업 중에 교수님이 생각해볼 만한 내용에 대해서 질문하시기 때문에 계속해서 집중하고 이해하려고 노력하게 된다. 그렇지만 질문에 답을 못한다고 꼽을 주시거나 그런 분위기가 아니기 때문에 어느 정도의 긴장은 있지만 큰 부담은 아니다. 오픈 북 시험이고 암기보다 이해에 대한 내용을 물어보시기 때문에 다른 과목과 다르게 완전히 이해하지 못하면 의미가 없는 것 같다. 완전히 이해하더라도 그 자리에서 응용하는 것이 중요하기 때문에 기출로 연습해보는 것이 중요한 것 같다.
이 강의를 추천!학점을 '보통'(이)라 평가한 강의평입니다."
2025,1,"교수님 너무 진철하시고 가르치는 열정 너무 많아요. 진짜 잘 배울 수업인 줄 알았어요. 시험도 전시험 거의 비슷해서 걱정이 별로 없어요. 그냥 수업 내용이 잘 이해하면 잘 돼요.
학점을 '보통'(이)라 평가한 강의평입니다."
2025,1,"명강중의 명강 유혁교수님 운체입니다. 이제 은퇴하셔서 더이상 수업을 못 듣는게 아쉽네요.

추상적이고 어려운 개념인 운영체제를 최대한 쉽게 풀어서 설명해주시려고 노력하십니다. 시험 스타일도 최대한 이해를 요구하는 식으로 나왔습니다. 때문에 오픈북이긴 함에도 꽤나 어려운 난이도였습니다.

과제는 리눅스 커널을 이용한 두 문제가 나왔습니다.
이 강의를 추천!학점을 '보통'(이)라 평가한 강의평입니다."
2022,2,"컴과 최고의 강의입니다. 인성적으로도 학문적으로도 존경할 부분이 정말 많으신 교수님이십니다. 배우다 보면 OS에 대해서 깊은 인사이트를 얻어가실 수 있습니다. 과제는 크게 어렵지 않습니다.
이 강의를 추천!학점을 '보통'(이)라 평가한 강의평입니다."
2022,2,"이번 학기는 비대면(줌수업)으로 진행되었습니다. 따라서 줌 접속 기록으로 출석체크를 하셨습니다.
실습은 두번 있었는데 과제 설명이 잘 되어있어 수업내용을 잘 이해한다면 크게 어렵지는 않습니다. 제출일은 시험기간이랑 겹쳤지만 5일의 free day가 있습니다.
시험은 서술형으로, 교수님이 수업에서 항상 강조하시는 것처럼 운영체제에 대해 심도있는 이해가 필요합니다. 중요한 부분은 이전년도 기출을 훑으면 알 수 있고, 시험도 오픈북으로 진행되니 외우기보단 이해하는데 집중할 수 있었습니다. 또한 교수님도 학생들이 질문하는 것을 권장하시고 답변도 신경써서 해주십니다.
이 강의를 추천!학점을 '보통'(이)라 평가한 강의평입니다."
2022,2,"수업 때 교수님께서 질문을 많이 하시는데, 약간은 부담스러울 수 있지만 도움이 많이 된다.

수업 내용은 어렵다. 그렇기에 한번에 몰아서 공부하기 보단, 꾸준히 공부하는 것이 도움이 된다.

큰 과제가 2번 나온다. 중간 전에 한번, 기말 전에 한번 나오는데, 시간이 상당히 많이 주어지지만, 생각 보다 과제을 해결하는데 익숙치 않으면 오류가 많이 나오므로 과제를 미리미리 해놓는 것이 좋다.

시험 때, 어떤 오프라인 자료들을 가지고 오는 것이 가능하다. 
또한, 시험 전에 기출이 제공되지만, 시험 문제에 크게 도움이 되진 않는다.
시험 때에, 이쪽 분야의 이슈가 있다면, 시험 문제에 나올 수 있다. 하지만 그것들 보단 수업 내용을 알 고 있는 것이 중요한다.

출석 체크는 줌으로 매번 하시기 때문에 줌만 자주 들어가면 된다.
학점을 '보통'(이)라 평가한 강의평입니다."
2022,2,"난이도가 높은 것은 이 과목 자체가 쉬운 내용이 아니기 때문에 그렇습니다.
그런데 교수님께서 설명을 굉장히 잘 하시고, 수업 방식도 질문을 많이 받아주셔서 이해하는데 어려움은 크게 없었습니다.

중간고사랑 기말고사도 족보를 블랙보드를 통해 제공해주시고 복습을 잘 한다면 시험은 크게 어려움이 없습니다.
다만 교수님 스타일 자체가 지금까지 시험에서 같은 문제를 내시지 않으시기 때문에
족보는 스스로 복습하는 용도로 쓰셔야 합니다.

그런데 복병은 과제입니다.
총 2개가 나가게 되는데 각 과제당 기간이 1달입니다.
정말로 한 달이 걸리는 것은 아니지만 확실한 것은 최소 2주는 걸립니다.
(과목 자체가 어렵다보니 과제도 어렵습니다)

다른 교수님 수업은 어떤지 모르겠지만 명강이라고 생각합니다.
이 강의를 추천!학점을 '기대 이하'(이)라 평가한 강의평입니다."
2022,2,"이번 학기 들었던 수업 중 가장 만족감이 높았던 수업이었습니다. 수업 난이도가 꽤 있다고 생각하지만, 꾸준히 수업을 듣는다면 크게 어려운 부분이 없다고 생각합니다. 그리고 교수님께서 매우 친절하시기 때문에 모르는 부분은 자신있게 물어봐도 괜찮습니다. 수업과 크게 상관이 없는 내용이더라도 아시는 선에서 자세하게 설명해주십니다. (물론 너무 많은 질문을 받아주시느라 수업이 조금 루즈해지는 감도 있었습니다.)

시험 방식은 모두 서술형이며, 수업시간에 강조했던 포인트들이나 운영체제의 구동방식, 장단점 등을 자세하게 이해하고 계시면 큰 문제 없을 거라 생각합니다. 시험도 오픈북(모든 프린트된 자료 허용)이기 때문에 암기 때문에 고생하지는 않았습니다. 오히려 외울 부분이 별로 없기 때문에 수업 내용만 잘 이해하고 계시면 굳이 자료를 찾을 필요도 없었습니다. 애매한 부분이나, 코드 작성과 같은 부분만 조금 적어가면 좋을 것 같네요.

전반적으로 매우 만족스러웠던 수업이었습니다. 운영체제를 듣고자 한다면 수강신청이 조금 빡셀 수 있지만 꼭 들어보시기를 추천드립니다.
학점을 '기대 이상'(이)라 평가한 강의평입니다."
2022,2,"과제가 많다. 난이도는 할만한 정도.
시험 문제 난이도가 확실히 좀 있는 편이다. 오픈북에 개인 자료까지 참고해도 되는 시험이고, 지난 기출까지 모두 제공해주지만, 확실히 공부하지 않으면 못 푸는 문제들이 있다. 4문제 정도 출제되는데 그 중 한 문제 정도는 자료에서 보고 풀 수 있는 평이한 문제가 출제되지만 다른 세문제는 제대로 이해하고 있어야 풀 수 있는 문제로 구성되는 듯. 
이번 학기 강의는 비대면으로 진행되었는데 학생들과의 소통을 중요시 하셔서 매 수업 시간마다 학생들과의 질답 시간을 가지신다. 특정 학생을 호명한 뒤 질문을 하고 대답을 듣는 방식. 비대면이라 크게 부담스럽지는 않았는데, 대면으로 하면 어떨지는 모르겠다. 
과제와 수업 내용에서 확실히 배우는 바가 있는 수업.
학점을 '기대 이상'(이)라 평가한 강의평입니다."
2022,2,"교수님께서 질문도 잘 받아주시고, 딱딱하게 ppt에 있는 내용만 가르쳐주시는게 아닌, CS 전반적인 지식을 가르쳐주시는 부분이 너무 좋았습니다!
추천드립니다.
이 강의를 추천!학점을 '보통'(이)라 평가한 강의평입니다."
2022,2,"교수님이 강의도 잘 하시고 질문도 많이 하시며 학생들에게도 잘해주십니다.
프로젝트 과제를 스스로 하면서 좀 느는 부분도 있습니다.
시험이 오픈북으로 배운 내용을 다 활용해서 해결해야하는 부분이 있습니다.
이 강의를 추천!학점을 '기대 이상'(이)라 평가한 강의평입니다."
2022,2,"운영체제 수업은 무조건 유혁 교수님 강의 듣는 게 맞다는 이야기를 자주 들었고, 그래서 수강했던 강의였는데 역시 왜 그런 말이 있는 지 알 수 있었습니다.
강의력도 너무 좋으시고, 교수님께서 학우분들을 배려해 주시는 것이 매 수업마다 느껴졌습니다. 학습량도 아주 많다고 느끼지는 못했고, 텀 프로젝트 역시 난이도가 괴랄한 수준은 아니었습니다. 학점도 후하게 주시는 편이라 추천드리는 강의입니다.
이 강의를 추천!학점을 '기대 이상'(이)라 평가한 강의평입니다."
2022,2,"학습량과 난이도는 중간고사까지는 쉬웠고 적었으나 기말고사부터 고학년 과목이어서 그런지 조금 어려웠습니다. 하지만 교수님의 강의력이 정말 좋으셨고 학점도 꽤 잘주셔서 만족합니다. 얻은 것도 많은 강의였습니다. 과제는 두개가 있었는데 첫번째 과제는 따라하면 되는 수준이었고 두번째 과제가 어려운 편이어서 시간이 많이 걸렸습니다.
이 강의를 추천!학점을 '기대 이상'(이)라 평가한 강의평입니다."
2022,2,"학습량, 강의력, 난이도, 성취감 전부 5입니다.
제가 여태껏 본 교수님들 중 가장 과목과 학생들에 애착과 관심이 있는 교수님 이십니다.
시험은 전체가 100 이라면 150을 공부하지 않으면 0과 다름 없는 정도로 나옵니다.
암기 보단 이해, 넘어서 응용을 하실줄 알아야 합니다.
이 강의를 추천!학점을 '기대 이상'(이)라 평가한 강의평입니다."
2022,2,"운영체제하면 유혁 교수님일 정도로 아는 사람은 아는 강의지만, 시간이 지나면서 강의력이 전보다는 떨어지신 것 같습니다. 그래도 다른 수업에 비해서는 좋은 편이라고 생각합니다. 과제는 50 시험도 50이라 과제가 정말 중요합니다. 1차 과제는 그냥저냥 할 수 있지만 2차 과제는 배점이 35%라서 정말 영혼을 갈아서 하셔야 합니다. 하지만 무난하게 시간 투자하면 충분히 할 수 있는 정도의 과제를 내주시니까 너무 걱정마세요. 수업 중에 질문을 자주 받으셔서 진도는 조금 느릴 수 있지만 본인이 의지만 있다면 확실하게 이해하고 넘어갈 수 있습니다. 다만 23-1학기에는 다른 분께서 수업하실 거라 조금 색깔이 다를 수 있습니다. 기말이 진짜 개애애애애애애 어려우니까 기말 대비 잘하시면 좋겠네요
이 강의를 추천!학점을 '기대 이상'(이)라 평가한 강의평입니다."
2022,2,"교수님이 일단 되게 좋으셔서 추천

수업 중 예전 썰도 푸시고 질문 들어오면 말도 안되는 질문도 자세히 대답해 주심

다만 그로 인해서 진도가 좀 늦춰지기도 해서 이건 약간 호불호

수업을 들을 땐 그냥 무난하게 좋은 교수님 같아서 좋았으나 시험 난이도가 말이 안됨

마치 수능 30번 문제를 숫자 기호 그림 다 지우고 풀어보라고 하는 막막함을 느낄 수 있음

문제 유형이 자신이 변수 값도 설정하고 상황도 가정해야 해서 처음 시험 볼 때는 당황스러웠음

그래서 학점도 잘 나오기가 쉽지 않아서 난 약간 비추

원래 1점 주려다가 교수님이 너무 좋아서 2점으로 올렸음
학점을 '기대 이하'(이)라 평가한 강의평입니다."
2022,2,"유혁 교수님은 단순히 개념을 외우는 것에 중점을 두지 않으시고 개념을 이해하는 것에 중점을 두셔서 암기할게 많이 없어서 좋았지만 그만큼 시험 문제들이 응용을 많이 해야돼서 어려웠습니다.
학점을 '보통'(이)라 평가한 강의평입니다."
2022,2,"오픈북 시험, 어려운 프로젝트, 온라인 수업. 교수님이 좋으셔서 좋은 점수를 주셨다고 들었습니다만, 제가 받은 점수는 별로였습니다ㅠㅠ
학점을 '기대 이하'(이)라 평가한 강의평입니다."
2022,2,"교수님이 최대한 자세히 설명하시려는게 느껴집니다.
비대면으로 수업하셨고 수업시간에 돌아가면서 학생들을 지명하셔서 질문을 하십니다.
중간 기말 모두 서술형인데 암기로는 풀수 없는 문제여서 평소에 생각하면서 공부를 하면 좋을 것 같아요.
기출문제는 모두 업로드 해주십니다.
학점을 '기대 이상'(이)라 평가한 강의평입니다."
2022,2,"전반적으로 좋은 강의였습니다. 
저는 질문을 두려워하던 학생이었는데, 교수님께서 질문에 대한 두려움을 많이 없애주셔서 질문도 잘 하며 수업 들을 수 있어 좋았습니다
교수님께서 학생들에게 애정이 많으시고, 열의가 있으십니다.
시험은 주로 실제 일어날 법한 상황들을 내주시고, 해당 상황에 대한 해결책 등을 학기동안 배운 것을 동원해 풀이하는 방식입니다.
따라서, 개별 암기가 크게 도움되지 않고, 스스로 생각하고 나아가서 찾아보는 등의 자발적인 공부가 중요합니다.
수업 내용도 내용이지만, 좋은 교수님이시라고 개인적으로 생각됩니다.
질문을 하느라 연구실에 몇 번 찾아뵀었는데, 굉장히 친절하셨고 수업 외에도 학습에는 어려움이 없는 지 등 많은 걱정을 해주셨었습니다.
수업 중 여러 명언을 남기시기도 하고, 현실적인 면들을 많이 생각해주십니다.
비록 운영체제 내용이 쉽지는 않은지라 좋은 성적을 거두지는 못했지만, 개인적으로 굉장히 좋은 수업이었다고 생각합니다.
조금 더 열심히 할 걸 하는 후회가 드네요 ㅎㅎ
이 강의를 추천!학점을 '보통'(이)라 평가한 강의평입니다."
2022,2,"교수님께서 친절하시고 질문을 잘 받아주셔서 수업 한 학기 내내 적극적으로 질문하는 분위기가 되어서 좋았습니다.
시험 문제는 사고력을 요하는 어려운 문제로 출제되나 뭐라도 쓴다면 점수를 주시려고 하는 것 같습니다.
이 강의를 추천!학점을 '보통'(이)라 평가한 강의평입니다."
2022,2,"약간 교수님께서 의식의 흐름대로 수업하는 경우가 많은 것 같습니다... 첨에 배웠던 내용이 나중에 나와서 연결되서 이게 이거구나라는 생각이 들 때는 신기하긴 한데 수업 내용을 너무 무작위로 설명하셔서 헷갈릴 때가 많아요..
학점을 '보통'(이)라 평가한 강의평입니다."
2022,2,"말 그대로 os의 기초에 대해 설명하는 수업입니다.

학기 중 실습 과제가 주어지며, 가상머신에서 리눅스로 커널 코드를 수정하고 기능을 추가해보는 것이 내용입니다.

마지막 실습에서는 과제 설명에 이상한 점이 몇 군데 있어 수업 시간에 정정도 하는 등 혼란이 있었지만, 결과적으로는 보고서에서 논리적으로 설명만 하면 문제 없는 듯했습니다.

교수님께서 매우 친절하시고, 수업 도중 질문을 잘 받아주십니다. 교수님께서 정확하고 엄밀하게 설명하시는 스타일이 아니시기 때문에, 애매하다 싶은 부분들은 바로 질문드려 혼란을 줄일 수 있습니다.
학점을 '기대 이상'(이)라 평가한 강의평입니다."
2022,2,"교수님 수업진행방식이 질문위주로 진행돼서, 궁금한게 있으면 바로바로 물어볼 수 있어서 좋았습니다. 다만 운영체제라는 과목이 그렇게 쉬운 과목은 아니기에 교수님의 강의만으로는 부족하다고 느꼈고, 책이나 다른 자료들을 같이 보는게 좋았습니다. 

시험은 오픈북이지만 난이도가 꽤 있었고, 저 같은 경우 중간고사는 평쁠 10점정도 였지만 기말을 매우 잘봐서 a+ 받았습니다. 
학점은 a는 잘 주시는것 같은데, a+는 10명정도(10%) 준다고 하셨던것 같습니다.
학점을 '보통'(이)라 평가한 강의평입니다."
2022,2,"컴퓨터학과에서 유명한 강의입니다. 얻을 것도 많고 강의력도 좋으시고 시험도 무난무난 합니다.
학점을 '보통'(이)라 평가한 강의평입니다."
2022,2,"유혁 교수님의 운영체제 수업입니다.
중간 기말 모두 서술형으로 나오고 기출문제도 제공합니다.
텀프로젝트도 2회 있습니다.
난이도는 평범합니다.
학점을 '보통'(이)라 평가한 강의평입니다."
2022,2,"교수님이 학생들의 편의를 많이 봐주십니다. 질문에 대답도 잘해주십니다. 과제는 매우 어렵지는 않았습니다. 시험은 오픈북으로 진행했는데 원리의 이해가 필수적이라 느꼈습니다.
학점을 '기대 이상'(이)라 평가한 강의평입니다."
2022,2,"전반적으로 명확히 이해가 안되는 부분이 많아서 시험을 썩 잘보진 못했지만 과제를 열심히하니까 성적은 잘 주심
학점을 '기대 이상'(이)라 평가한 강의평입니다."
2022,2,"교수님께서 질문을 많이 받습니다.
어떤 질문에도 친절하고 성의 있게 답변해주십니다.

단순히 책을 줄줄이 읽는 것이 아니라
강의자료를 위주로 OS의 핵심 개념에 대해 이해하고 흐름을 잡을 수 있는 강의입니다.

과제는 어려울 수 있으니 질문을 많이 해달라고 하셨지만 생각보다 어렵지 않았습니다.
다만 보고서를 작성하는데 시간이 조금 걸릴 수 있습니다.

시험은 3개년치 기출을 제공해주시고, 전부 서술형으로 3-4문제를 출제하십니다.
오픈북 시험입니다. 
내용을 외우는 것보다는 기출을 이용하여 답안지 작성을 연습해보는 것이 중요한 것 같습니다.
이 강의를 추천!학점을 '보통'(이)라 평가한 강의평입니다."
2022,2,"수업내용은 재밌었습니다. 꾸준히 잘 따라가면서 들은 내용 복습하면 시험은 무난하게 풀 수 있는정도였습니다.
과제는 중간은 쉬웠고 기말은 조금 난이도가 있었습니다.
학점을 '보통'(이)라 평가한 강의평입니다."
2022,2,"프로세스, CPU 스케줄링, 가상 메모리 등에 대해 다루는 OS 수업입니다. 교수님이 쉽고 자세하게 내용을 설명해주셔서 대략적인 내용을 이해하는 데는 강의만 들어도 상관이 없지만, 시험문제가 서술형이기에 좋은 성적을 받기 위해선 어느정도 공부를 하셔야 합니다. 시스템 콜을 이용하는 2개의 과제 또한 나오는데, 커널 코딩 자체가 생소하고 컴파일 시간 자체가 오래걸려서 힘들 수 있으나 ppt 내용을 잘 숙지하고 조교님 질문도 적극적으로 활용하면 잘 해결하실 수 있습니다.
이 강의를 추천!학점을 '보통'(이)라 평가한 강의평입니다."
2022,2,"대학 강의를 들으면서 진짜 공부를 한다는 느낌은 처음 받은 것 같아요. 운영체제 과목 자체가 악명이 높던데, 저는 오히려 이 과목과 컴퓨터학 자체에 확실히 관심을 가지게 되는 계기가 되었습니다.
분명히 공부량이 많고 시험도 쉽지 않았지만, 시험 난이도가 그렇게 무지막지 한 건 아니고 꽤나 합리적입니다. 점수도 합리적이고요. 노력한 만큼 나오는 느낌입니다.

교수님이 학생들의 의견을 정말 중시하시고 소통을 많이 해주셔서 좋았습니다. tf를 통한 신속한 과제 도움, 기타 등등의 컴퓨터 세팅 관련 지원이나, 질문 게시판 운영, 과제의 체계적 운영 및 깔끔한 채점 기준 고지 등등이 모두 좋았습니다.
이 강의를 추천!학점을 '기대 이상'(이)라 평가한 강의평입니다."
2022,2,"운영체제가 어떤 역할을 하고 무슨 기능을 포함하는지 배울 수 있는 강의입니다! 프로세스, 동기화, 가상화 등 주제별로 수업이 이루어졌습니다.

강의: 차근차근 설명해 주신다는 느낌이 많이 들었습니다. 또 질의응답을 매우 활성화시켜 주셔서 수업 중에 질문이 많이 오갔고, 이를 통해 더 배울 수도 있었습니다. (교수님께서도 명단 보면서 모든 학생들에게 질문하세요) 수강 인원이 많아 끝까지 실시간 비대면으로 진행하셨는데 유튜브로 녹화본이 모두 올라오기 때문에 복습하기 편합니다.

과제: 두 번의 큰 과제가 있었습니다. 시스템을 건드려야 해서 조금 생소하고 어렵게 느껴졌는데 튜토리얼 설명이 상세하고, 과제 QnA 세션도 별도로 진행해 주셔서 제공되는 자료 잘 살피고 미리 시작하기만 하면 충분히 따라갈 수 있는 난이도였던 것 같습니다. free day 제도가 인상적이었습니다! 이외에 과제 환경설정과 소소한 리서치 과제가 몇 번 있었는데 크게 평가에 영향을 미치진 않고 그냥 공부를 위해 내 주시는 느낌이었어요. 1, 2차 과제 보고서에도 은근히 포함할 내용이 많고 자꾸 과제 내 주실 땐 살짝 귀찮긴 했습니다 … ㅎㅎ

시험: 논술형 오픈북이었습니다. 논술형이 좀 호불호를 타는 것 같긴 했는데 채점 후하게 해 주세요. 수업 내용을 다 이해할만큼 깊이 생각하면서 공부하고, 수업 자료 준비하고, 제공해 주시는 기출문제로 연습해 보면 좋은 결과를 얻기는 어렵지 않은 것 같아요.

중간고사는 잘 봤고 기말고사는 못 봤고, 과제는 어느 정도 괜찮은 점수였던 것 같은데 (중간 제외하고는 종강 이후에 한꺼번에 결과가 나와서 기억이 잘 안 나네요,,) 학점은 A 받았습니다. 중간 때문에 기대를 좀 해서 아쉬웠지만 그래도 내용은 나름 기억에 남고, 교수님도 인자한 분이라고 느껴서 만족스러웠습니다!
이 강의를 추천!학점을 '보통'(이)라 평가한 강의평입니다."
2022,2,"이번 학기에 운체 과제는 총 2개였습니다. 시간 투자는 필요하지만 성적은 후하게 주십니다. 과목 자체가 양이 많아서 공부해야 할게 많지만 오픈북이여서 그렇게 어렵진 않습니다. 시간과 노력을 들이다면 좋은 성적 받으실 수 있을 것 같습니다
이 강의를 추천!학점을 '기대 이상'(이)라 평가한 강의평입니다."
2022,2,"유명한 명강입니다. 교수님께서 항상 내용을 이해하는 것의 필요성을 강조하시고 시험 문제도 그렇게 나옵니다. 오픈북인데 워낙 쓸 내용이 많아 정작 책 볼 시간은 없긴 합니다. 교수님께서 정말 열정적으로 가르쳐주시는 강의였습니다.
이 강의를 추천!학점을 '보통'(이)라 평가한 강의평입니다."
2022,2,"운영체제의 각 분야를 압축적으로 다루는 수업입니다. 
교수님께서 수업 시작할 때부터 말씀하셨듯이 워낙 광범위한 주제를 다루는 분야인만큼 미시적인 것보다 거시적인 흐름과 개념을 흡수하는 게 중요한 강의였습니다. 
두 차례의 과제가 있었는데, 구현이 어렵지는 않았습니다. 
다만 커널 코딩 자체가 편의성이 좋지 않은만컴 번거로운 상황이 자주 발생했습니다. 
중간고사와 기말고사는 80분간 서술형 4문제를 푸는 것이었소, 3개년도 기출문제를 주셔서 일정부분 대비할 수 있었습니다.
이 강의를 추천!학점을 '보통'(이)라 평가한 강의평입니다."
2022,2,"상당히 내용이 어려웠지만, 교수님께서 차분하게 설명을 해주시고 질문에도 끝까지 최선을 다해 답변해주셔서 많은 것을 배워갈 수 있었습니다!
이 강의를 추천!학점을 '기대 이상'(이)라 평가한 강의평입니다."
2022,2,"과제도 할만하고 수업내용이 조금 많지만, 녹음하셔서 다시 들으시면 그래도 어느 정도 이해됩니다. 교수님이 수업내용도 쉽게 어느 정도 잘 설명해주시고 도움도 주셔서 괜찮게 들으실 수 있을 것 같아요
이 강의를 추천!학점을 '기대 이상'(이)라 평가한 강의평입니다."
2022,2,"유혁 교수님은 신이시다. 반박시 당신 말이 틀립니다.
강의 듣는 내내 이분은 해당 과목에 대해 완벽하게 이해하고 계시고 인격적으로 훌륭하시기까지 하다는 것을 느꼈습니다.
중간과제 기말과제가 있고 평가에 1점씩만 반영되는 자료조사 레포트들이 있습니다. 운영체제에 대해 배우고 싶다면 유혁교수님 강의를 듣는 것을 강추합니다.
이 강의를 추천!학점을 '보통'(이)라 평가한 강의평입니다."
2022,2,"출석: 온라운 줌 수업으로 출석은 매번 진행하셨고 녹강을 항상 올려주신다.

학습량: 난이도가 높기 때문에 평소에 수업을 밀리지 않고 잘 들어두는 것이 좋다. 교수님이 단순히 이론적인 내용만을 다루시지 않고 매우 폭넓게 이해할 수 있게 질문을 던지시기 때문에 깊게 공부하고 싶으면 유혁 교수님을 추천드린다.

강의력: 교수님의 방대한 지식만큼 강의력이 아주 좋으시진 않지만 그래도 최대한 모든 학생들이 이해하실 수 있게 설명해주시고 수업 도중에 계속 학생들에게 질문을 던지신다. 

과제: 중간 1개, 기말 1개로 총 2개의 과제가 있고 조교분들이 설명을 잘해주셔서 큰 문제 없이 수행할 수 있다. 그러나 VM으로 수행하면서 버그가 많아 마감일에 맞춰 다 하려면 문제가 발생할 수 있으니 미리 해두는 것이 좋다.

시험: 이론적인 내용으로는 풀 수 없고 깊게 이해해야만 풀 수 있다. 오픈북이며 필요한 자료를 다 가져올 수 있다. 3개년 기출을 올려주시기 때문에 반드시 다 이해하고 와야 한다.

학점: 잘주신다.
이 강의를 추천!학점을 '기대 이상'(이)라 평가한 강의평입니다."
2022,2,"수업이 비대면으로 진행돼서.. 편하게 들을 수 있긴 했으나 점차 밀리기 시작했고 시험기간에 지옥을 맛보았습니다. 차라리 대면이었다면 하는 아쉬움이 남네요ㅠ
학점을 '보통'(이)라 평가한 강의평입니다."
2022,2,"명강입니다. 교수님께서 매우 실력있는 분이시며 학생들의 질문을 끊임없이 받아주십니다. 주어지는 과제들을 통해 역량을 기를 수 있고 시험도 다소 난이도는 있는 편이지만 적절하게 출제되었다고 생각됩니다. 강력히 추천하는 강의입니다.
이 강의를 추천!학점을 '기대 이상'(이)라 평가한 강의평입니다."
2022,2,"최고의 운영체제 강의. 학생들이 이해하기 어려운 개념들을 하나씩 풀어서 설명해 주시고, 수없이 많은 질문들에 대해 세세하게 답변해 주신다. 시험은 순수 오픈북이며, 단순 암기력이 아닌 사고력/창의력을 요하는 문제들로 구성된다. 과제나 시험은 절대로 재탕하지 않으며, 수업에서 들은 개념들을 충분히 활용하여 풀 수 있다. 공부량이 상당한 수준의 과목이므로, 단단히 준비를 하고 수업을 듣는 것을 추천한다.
이 강의를 추천!학점을 '보통'(이)라 평가한 강의평입니다."
2022,2,"과제는 큰 과제 2번에 시험은 오픈북이지만 운영체제 자체가 양이 워낙 많고 교수님 강의력이 매우 안 좋으셔서 추가로 공부할 게 많았던 강의입니다. 과제 1은 수월했지만 2는 조금 시간이 필요한 편이며 C언어로 수행합니다. 시험은 암기나 오픈북 정리를 넘어서 활용 위주로 출제되며 기출 문제를 제공해 주십니다.
학점을 '보통'(이)라 평가한 강의평입니다."
2022,2,"운영체제의 전반적인 구성요소와 CPU 스케줄링, 동기화 등에 대해서 심도깊게 배울 수 있는 강의입니다. 
교수님 자체도 강의력이 좋으셔서 내용을 잘 설명해주시지만, 내용을 설명하고 남은 시간에 Q&A를 하시는데 그때 학생분들과 주고받는 질문을 듣다 보면 해당 개념을 깊게 이해하는 데 도움이 되었던 것 같습니다.
이 강의를 추천!학점을 '보통'(이)라 평가한 강의평입니다."
2022,2,"질문을 정말 잘 받아주시고 수업 난이도도 어렵지 않게 따라갈 수 있지만 시험 난이도는 그렇지 않습니다.. 조금 더 많은 것을 고려해서 공부해보세요
학점을 '보통'(이)라 평가한 강의평입니다."
2022,2,"학점은 정말 잘 주셨던 것 같습니다. 또, 교수님께서 정말 학생들을 좋아하시고 생각해주시는 게 잘 느껴져서 좋았습니다.
시험의 경우 오픈북인데 응용이 많아 정말 어려웠지만 그래도 열심히 쓰면 어떻게든 점수를 주시려고 노력하신 것 같았습니다.
또, 과제의 경우 생각보다 차근차근 안내를 따라가면 어렵지 않았기 때문에 과제를 열심히 하시면 괜찮을 것 같습니다.
하지만 강의 방식의 경우 개인적으로는 따라가기 힘든 방식이었다고 생각하여 호불호가 갈릴 수 있다고 생각합니다.
만약 OS와 컴퓨터에 관심이 많아 배경 지식이 조금 있으신 학우분들이라면 재미있게 따라갈 수 있을 것 같습니다.
저는 전혀 그렇지 않아서 조금 어려웠던 것 같습니다.
이 강의를 추천!학점을 '기대 이상'(이)라 평가한 강의평입니다."
2022,2,"교수님께서 수업에 열정이 많으셔서 설명도 친절하게 잘 해주시지만, 질문을 적극적으로 받으시고 답변도 상세히 해주시는 점이 매우 좋습니다. 운영체제에 흥미를 가지고 있는 만큼 많이 배워갈 수 있습니다. 시험 문제는 오픈북인데 논술 형식이라 꽤 난이도가 있습니다. 시간도 부족하구요. 근데 문제 자체가 단순 암기로 풀 수 있는 문제가 아니라 운영체제 핵심, 본질을 물어보는 질문들이라 시험을 친다기보다 공부한다는 느낌이었습니다.
참고로 중간, 기말 기출은 항상 올려주시니, 따로 구하실 필요가 없습니다. 올라온 기출을 꼼꼼히 잘 풀어보시면 시험에 큰 도움이 될 것 입니다.
이 강의를 추천!학점을 '보통'(이)라 평가한 강의평입니다."
2022,2,"교수님이 알고 계신 지식이 정말 많으십니다.
그런데 수업 자료도 정리가 잘 되어 있고, 강의력도 괜찮습니다.
모든 수업을 비대면으로 했는데, 그래서 그런건진 몰라도 수업 시간의 절반을 질문 받는데 쓰십니다.
어떤 질문을 해도 허허 웃으시면서 친절하게 답변해 주십니다.
시험은 오픈북이고, 직전 3개년 기출문제를 제공해 주십니다.
근데 전부 서술형에 문제 재탕 안 하시기 때문에 막 쉽지는 않습니다. (개념 이해 잘 해두면 그래도 풀 만 합니다)
학점은... 잘 주겠다고 학기 초에 그러셨는데 막 잘 준 편은 아니라고 생각해요..ㅎㅎ..
과제 되게 꼼꼼하게 채점하시니까 코드 짜실 때 메모리 릭이나 유령 프로세스 처리 잘 해주셔야 합니다.
이 강의를 추천!학점을 '보통'(이)라 평가한 강의평입니다."
2022,2,"출석확인 자율화 과목이었던 것으로 기억합니다.
교수님께서 꼼꼼하게 설명 해주십니다.
중간중간 학생들을 지목하여 질문을 하시는데 크게 어려운 질문은 아니고 틀려도 상관 없습니다.
시험은 문항 개수가 많지는 않고 배운 것을 응용한 문제들이 나왔습니다.
학점을 '기대 이상'(이)라 평가한 강의평입니다."
2022,2,"2학년이었어서 듣기 조금 버거웠지만, 가장 배울 점이 많은 강의였던 것 같습니다. 중간고사를 잘 보지 못했어도 포기하지 않고 과제와 기말을 잘 준비하면 A 받을 수 있습니다!
학점을 '기대 이상'(이)라 평가한 강의평입니다."
2022,2,"과제의 경우 VM에 우분투 이미지를 컴파일하는 0차과제를 제외하면 배점이 나가는 과제는 크게 2가지이며 수업 중간에 교수님께서 어쩌다 한번씩 한 장 분량 정도의 레포트 과제를 내주시긴 하지만 이는 점수에 반영되지 않습니다. 또한, 이 수업은 교수님과 학생간의 소통이 굉장히 활발하게 이루어지는 수업으로 출석부 명단에 맞춰 교수님의 질문을 받게 됩니다. 대답을 정확히 하지 못하더라도 전혀 지장이 없으므로 편하게 아는 만큼 답하시면 됩니다. 시험과 관련해선 교수님께서 중간, 기말 모두 최근 3개년 치 기출을 시험보기 4주 정도 전부터 공개해주시고 시험 또한 오픈북으로 진행되는 만큼 시간날 때마다 틈틈히 준비하시면 부담없이 치루실 수 있습니다. 다만, 오픈북인 만큼 지엽적인 개념을 물어보기 보단 배운 내용을 활용해서 서술할 수 있어야 풀 수 있는 문제가 나오므로 이에 맞춰 시험 준비를 하셔야 합니다. 운영체제 자체가 약간 애매한 것도 많고 헷갈리는 부분도 많아서 평소에 잘 정리해 두는 것을 추천드립니다. 학점의 경우 A까지는 잘 주시나 A+의 경우 10%내외로 주시는 것으로 알고 있습니다. 과제 비중과 시험 비중이 50:50으로 과제의 비중이 정말 큽니다. 보고서에서 감점 당하지 않도록 꼼꼼히 신경쓰시는게 좋습니다. 기말고사가 많이 까다롭기 때문에 중간고사에서 원하는 성적을 받지 못하더라도 포기하지 마시고 과제 열심히 하시고 기말고사 준비 잘 하시면 충분히 역전할 수 있습니다! 제 경우 중간고사는 평균보다 약간 잘 본 편이었지만, 기말고사를 많이 잘보고 과제를 만점받아 A+을 받았습니다.
이 강의를 추천!학점을 '보통'(이)라 평가한 강의평입니다."
2022,2,"정말 열정이 넘치시고 학생들을 아껴주십니다.

수많은 질문에 정말 세세하게 답해주시고 학생들로 하여금 모르는 부분은 꼭 알고 넘어갈 수 있도록 도와주십니다.

과제는 2번이 있었고 중간 기말 모두 대면으로 진행하였습니다.

1차 과제는 간단한 구현으로 3일 안에 끝낼 수 있고, 2차 과제 같은 경우 내용 자체를 어렵지 않지만 급하게 하려다보면 일주일이 넘게 걸릴 수도 있습니다. 천천히 하나하나씩 하다보면 일주일까지는 안걸리는 정도인 것 같습니다.

시험은 주관식이고 3년치 기출을 미리 보여주십니다. 문제는 어차피 겹치지 않는다고 하셨고, 어떠한 부분이라도 작성을 해야 점수를 주십니다. 부분 점수는 많이 주는 편이신 것 같고 고려대학교에서 들은 강의 중에 손에 꼽는 좋은 강의였던 것 같습니다.
이 강의를 추천!학점을 '기대 이상'(이)라 평가한 강의평입니다."
2022,2,"유혁체제 그는 신인가?

무한질문에 무한답변으로 모든걸 알려주는 그는 신인가?

오픈북 시험이라 모든걸 가져가도 풀수없는 문제를 내는 그는 신인가?

과제를 두개밖에 안내주는 그는 신인가?
이 강의를 추천!학점을 '기대 이상'(이)라 평가한 강의평입니다."
2022,2,"컴퓨터학과의 명강 유혁체제! 보람찬 한 학기였습니다. 운영체제의 구조와 기능을 체계적으로 학습할 수 있습니다. 시험문제는 배운 내용들을 바탕으로 특정 상황에 적용할 수 있는 기술과 justification으로 이뤄졌는데, 아무렇게나 적는다규 점수가 나오진 않더라구요…ㅎ 열심히 공부하셔야합니다.
이 강의를 추천!학점을 '보통'(이)라 평가한 강의평입니다."
2022,2,"강의는 정말 만족했습니다..! 사실 운체랑 친하지 않아서 공부가 힘들었고 재수강을 하게 됐지만 강의력은 정말 좋았어요!! 다들 운체 열심히 하세요
학점을 '보통'(이)라 평가한 강의평입니다."
2022,2,"교수님이 강의력이 좋으시고 수업을 들으면 얻어가는 것이 많다고 느껴지는 강의입니다.
학생들의 질문을 장려하시고 잘 받아주십니다.
큰 과제가 2개 정도 있고 자잘자잘한 과제들도 내주시는데 자잘한 과제들을 제출에 의의가 있는 듯 합니다.
시험은 오픈북이고 학점은 예상한 대로 나오는 것 같습니다.
학점을 '보통'(이)라 평가한 강의평입니다."
2022,2,"전반적으로 강의의 퀄리티가 좋습니다.
시험은 오픈북입니다.
어렵지만 논술형 시험이라 점수는 꽤나 잘 받을 수 있습니다.
과제는 두 번 있습니다.
시간이 좀 걸리나 넉넉하게 기간을 주니 많이 어렵지는 않습니다.
운영체제가 전공 필수인데 아니더라도 들을 가치가 있는 강의라고 생각합니다.
이 강의를 추천!학점을 '기대 이상'(이)라 평가한 강의평입니다."
2022,2,"제 수강평은 참고하지 말아주세요. 다들 파이팅하시고 좋은 학점 얻어가시면 좋겠습니다. 감사합니다.
학점을 '보통'(이)라 평가한 강의평입니다."
2022,2,"학습량 매우 많고 과제도 많은 건 아니지만 큼직한 텀프들이 제겐 너무 어려웠습니다. 강의 내용만으로 해결하기 너무 어려웠던.. 시험문제도 지식을 묻기보단 응용력을 묻는 시험이 나오는데 매우어렵습니다 ㅎㅎ 근데 교수님은 너무 좋으시고 질문도 다받아주시고 해서 학업에 열정이 있으신 분들에게 추천드립니다
학점을 '기대 이하'(이)라 평가한 강의평입니다."
2022,2,"이번학기는 비대면으로 진행했고, 녹화본을 올려주셔서 출석을 하지 않더라도 나중에 본인 시간맞춰서 강의를 수강할 수 있다는
점이 장점입니다
다만 OS특성상 진도를 따라가는데 어려움이 조금 있으며, 마지막 과제의 난이도는 꽤 많이 어렵습니다
학점을 '보통'(이)라 평가한 강의평입니다."
2021,1,"강의는 운영체제를 전반적으로 훑는 느낌이었습니다. 
그래서인지 강의 초반에는 감이 잘 안잡히실수도 있습니다.
그래도 마지막까지 잘 따라가신다면 어느정도 운영체제를 배웠다 하는 성취감을 느끼실 수 있을 것입니다.
교수님이 굉장히 친절하셔서 재밌게 수업을 들었던 것 같습니다.
학점도 적당히 잘 주시는 것 같아서 추천드립니다!
이 강의를 추천!학점을 '기대 이상'(이)라 평가한 강의평입니다."
2021,1,"우선 수강하는 학생들을 모두 이해시키려하는 것을 목표로 하셔서 세세하게 가르쳐주심. 
중간(25%) + 기말(25%) + 1차 실습과제(15%) + 2차 실습과제 (35%) 이렇게 비율을 차지하는데, 2차 실습과제에서 제대로 못하면 학점 날라간다 보면 됨.
중간 기말 모두 오픈북이어서 내용을 암기할 필요 없고, 이해해서 어떻게 응용할 수 있을지를 물어보심.
수업 안 빼먹고 꼼꼼히 들으면 학점은 무난하게 챙겨갈 수 있음.
이 강의를 추천!학점을 '보통'(이)라 평가한 강의평입니다."
2021,1,"OS라서 이해해야할 내용이 좀 많은 편이고, 암기할 내용이 그리 많지는 않습니다.
중간고사와 기말고사 모두 교수님이 최근3개년 기출을 올려주십니다. 또, 오픈북으로 진행되기 때문에 과거 기출문제를 얼마나 잘 파악하고 잘 적을 수 있는지가 중요합니다. 또한, 카테고리화된, 정형화된 답안의 형태를 선호하시는 경향이 있어서 답안에 목차 활용을 하시면 좋습니다. 

기출을 보면 알겠지만 문제들을 보면 머리속에서 생각을 해본 적 있어야 답이 나오는 것들 위주기 때문에 항상 수업을 들으면서 생각을 많이 하시는게 좋습니다. 

강의력은 좋은 편이라고 생각합니다. 
성취감은 높습니다. 

모든 강의에 대해서 녹강을 제공해주신 것 또한 매우 좋았습니다.
이 강의를 추천!학점을 '보통'(이)라 평가한 강의평입니다."
2021,1,"운영체제 과목 자체가 너무 내용이 많고 복잡하나, 유혁 교수님은 시험을 서술형으로 자기 생각을 쓰게 하셔서 더 어렵습니다..

전필이라서 어차피 들어야 하니까 빡세게 공부해야 합니다.
학점을 '보통'(이)라 평가한 강의평입니다."
2021,1,"교수님 말이 빠르시진 않지만 설명을 꼼꼼하게 하시고 진도가 그다지 빠르지 않습니다. 
중간고사 문제의 경우 실습 문제를 제외하고는 과제 문제가 거의 그대로 나왔습니다. 

실습내용 관련된 조금 지엽적인 문제들을 제외하면 
공부했을때 다 풀만한 문제들이어서 
학생들의 평균점수가 높았습니다.    

시험 대비시 과제만 다 푸셨다면 실습 내용만 꼼꼼히 다시 읽어보시면 될듯 합니다.
학점을 '보통'(이)라 평가한 강의평입니다."
2021,1,"우리 따뜻하신 유혁 교수님..

학생들의 질문에 하나하나 정성스럽게 답해주셔요

시험은 굉장히 어려운데, 점수가 낮아도 A를 잘 주시니 걱정마세요. 

다만 A+ 받기는 굉장히 힘들다 함으로, 운체에 매우 관심이 많아서 교수님과 많은 인터렉션을 하는 학생이나

아니면 그럭저럭 부담없이 공부하고, 과제해서 A 가져가고 싶은 학생들에게 추천드려요
학점을 '기대 이상'(이)라 평가한 강의평입니다."
2021,1,"교수님께서 정말 지식이 많으시고, 어떠한 상황에서도 학생 질문이나 의견을 전혀 귀찮아하지 않으시고 반기며 받아주십니다.
국강인데다 교수님께서 강의력도 좋으셔서 강의 들으면 내용 이해하는데 지장 없었습니다.

학기 중 리눅스 커널 코딩 과제 두 번 있습니다. 코드 자체는 어렵지 않은데 커널이 익숙지 않다 보니 시간 소요는 좀 됩니다. 코드도 코드인데 보고서 잘 써야 감점 없는 듯 해요!

중간, 기말고사 모두 세 문제씩 출제되었는데, 모두 논술형으로 배운 내용 응용해서 쓰는 문제가 출제되었습니다. 기출 풀어보는 것이 도움 많이 되는 것 같아요. 

운영체제는 유혁 교수님 강의 추천합니당
이 강의를 추천!학점을 '기대 이상'(이)라 평가한 강의평입니다."
2021,1,"강의를 잘하시기로 소문이 난 유혁 교수님의 운영체제 강의입니다.
중간/기말 쯤 한번씩 큼지막한 과제가 있습니다. 미리 해두시는걸 추천드립니다.
시험은 오픈북이고, 수업은 좋았습니다.
이 강의를 추천!학점을 '보통'(이)라 평가한 강의평입니다."
2021,1,"공부한만큼 나오는 강의. 교수님은 너무 좋아요! 설명도 잘하시고 질문에 대한 답변도 이해하기 쉽게 해줘요. 많이 배우고 가는 강의에요. 시험이랑 프로젝트는 조금 어려운데, 그래도 조력하면 할만해요 (시간이 좀 걸려서 미리미리해야해요). 강의 PPT도 자세하게 적혀있어서, 수업 못들어도 PPt로 혼자 복습 가능해요.
이 강의를 추천!학점을 '보통'(이)라 평가한 강의평입니다."
2021,1,"교수님께서 아는 만큼 설명을 못하십니다. 수업 체계가 없다고 느껴지고, 설명을 하시다가 다른 곳으로 자주 빠집니다. 텀프로젝트 2회, 시험 2회로 구성되어 있으며 시험은 오픈북이고, 과거 기출문제도 제공해주십니다. 시험은 3문항정도가 출제되는데 공부를 아예 안해도 오픈북 만으로 최소한의 점수는 받아가실 수 있지만, 일부 문제는 생각과 논리적 접근을 요구하시기 때문에 다소 난해할 수 있습니다. 최대한 본인이 아는 선에서 근거를 들어가며 답안을 적는다면 충분히 좋은 점수를 받을 수 있습니다. 전반적으로 강의력은 좋은 편이 아니나 공부 부담이 적습니다. 텀프로젝트 또한 난이도가 높은 편은 아니며 시간도 크게 요구하지 않았습니다.
학점을 '보통'(이)라 평가한 강의평입니다."
2021,1,"교수님께서 정말 친절하십니다. 매 수업마다 큐엔에이를 다 받아주시는데 이해하는 데 큰 도움이 되었습니다. 학기가 끝났을 때 머리 속에 배운 내용이 제일 많이 남아있는 과목입니다.

시험은 오픈북이고, 배운 내용을 응용해서 푸는 문제입니다.
에제 받을 성적이라고 생각했는데 딱 에제 주셨습니다!

다음 학기에도 교수님 수업 듣고 싶어서 시프도 들을 계획입니다.
이 강의를 추천!학점을 '보통'(이)라 평가한 강의평입니다."
2021,1,"어렵고 시간도 많이 잡아먹는 헬강이지만 배우고나면 뿌듯하다. 나중에 졸업후에 취직준비할때도 도움이 많이 된대요
학점을 '기대 이상'(이)라 평가한 강의평입니다."
2021,1,"강의를 매우 잘하셔서 정말 좋았다. 그래서 다들 열심히해서 내 학점은 조금 아쉬웠지만 그래도 많은걸 배웠다.
이 강의를 추천!학점을 '보통'(이)라 평가한 강의평입니다."
2021,1,"교수님의 강의력이 너무 좋아서 만족스러운 수업이었습니다! 추천합니다!!!!!!
실습도 유익했습니다
학점을 '보통'(이)라 평가한 강의평입니다."
2021,1,"교수님께서 제공해주시는 PPT 기반으로 수업이 진행됐습니다. 수업은 무난한데 교수님께서 생각을 요하는 질문을 계속 던져주십니다. 스스로 답을 생각해보면서 들으면 수업 내용을 이해하기 좋았던 것 같습니다. 시험은 모두 대면시험이었고 교수님께서 기출문제를 제공해주십니다.
이 강의를 추천!학점을 '보통'(이)라 평가한 강의평입니다."
2021,1,"교수님께서 너무 친절하게 설명해주시는게 좋습니다. 다만 모든 질문을 다 대답해주시는 바람에 수업 진행이 약간 느려질 수 있습니다.. 강의는 너무 좋았습니다.
이 강의를 추천!학점을 '보통'(이)라 평가한 강의평입니다."
2021,1,"강의도 좋고, 과제도 어렵지 않고, 시험도 오픈북입니다. 시험이 서술형인 것이 조금 부담되긴 했지만 어렵진 않습니다. 수업 중에 학생들이 적극적으로 질문하길 원하시는데 공부에 있어서 굉장히 도움이 많이 됩니다.
이 강의를 추천!학점을 '기대 이상'(이)라 평가한 강의평입니다."
2021,1,"왜 컴퓨터 과학이 하나로 이어지는 지를 가르쳐주는 수업이었습니다. 유혁 교수님은 정말 잘 가르쳐주시고, 많은 내용을 알려주고자 노력하십니다만.. 저는 잘 따라가지 못했습니다. 과목과 교수님은 정말 좋았지만, 중간고사를 기점으로 난이도가 올라가는 경향이 확실히 있습니다. 시험은 모두 오픈북이었고, 중간/기말 모두 수도 코드 작성을 열심히 연습해간다면 좋은 성적 받으실 수 있을 겁니다. 성적은 절대평가로 자르신 걸로 알고 있습니다.
이 강의를 추천!학점을 '보통'(이)라 평가한 강의평입니다."
2021,1,"교수님 인품이 정말 좋으시고 존경스럽습니다. 수업시간에 질문을 많이 받아주시고 학생들이 참여하는 것을 중요하게 생각하십니다. 시험은 모두 서술형 오픈북으로 나오는데 이전 3개년 기출문제도 제공해주십니다. 저에게는 내용이 많이 어려웠고 좋은 학점을 받지는 못했지만 운영체제에 관심이 있거나 지식이 많아 응용이나 확장을 잘 하실수 있는 분이라면 많은 것을 배우실 수 있으리라 확신합니다. 좋은 교수님 아래에서 대학에서만 가질 수 있는 자유로운 질문의 기회가 있는 몇 안되는 수업입니다.
이 강의를 추천!학점을 '보통'(이)라 평가한 강의평입니다."
2021,1,"교수님께서 친절하게 설명해주셔서 수업내용을 이해하기에는 어려움이 없습니다.
오픈북에다가 기출문제를 제공해줍니다.
기출문제를 보시면 아시겠지만  코드를 작성해야하는 시험문제는 좀 어려웠습니다.
프로젝트는 크게어렵지 않지만 배점 비율이 꽤 큽니다.
A이상은 모르겠지만 B+은 시험 평균보다 못봐도 프로젝트만 잘했다면 충분히 주는듯합니다.
이 강의를 추천!학점을 '기대 이상'(이)라 평가한 강의평입니다."
2021,1,"교수님께서 학생들한테 정말 도움이 될 방향으로 수업하신다. 수업 및 같이 강의를 듣는 다른 학우의 질문에 대한 답변에서 많은 걸 배워갈 수 있다.

시험은 오픈북이고 단순 암기가 아닌 정말 이해한 내용을 바탕으로 보는 시험인데, 단순 암기보다 마음의 압박도 덜한 것 같다

비대면 수업 기준 출석은 몇번 부르지 않으셨지만 질문을 던지는 때가 많은데, 답하지 않는 사람들이 빈번히 있어 출석 퀴즈도 고려중이신 것 같았다. 다음학기에 도입될 수 도 있을 듯 하다.
학점을 '보통'(이)라 평가한 강의평입니다."
2021,1,"교수님은 매우 친절하시고 학생들을 많이 도와줍니다.. 너무 착하고 좋은 분이십니다... 추천합니다
학점을 '보통'(이)라 평가한 강의평입니다."
2021,1,"교수님도 좋은분이시고 조근조근 설명을 잘 해주십니다. 과제도 엄청 어려운편이 아닙니다. 공부만 조금 하더라도 좋은 성적을 거둘수 있고 이해도 잘됩니다.
이 강의를 추천!학점을 '보통'(이)라 평가한 강의평입니다."
2021,1,"중간, 기말은 오픈북으로 진행되며 서술형으로 나옵니다.
강의 시간에 설명도 잘 해주시고 질문도 다 받아주십니다.
이 강의를 추천!학점을 '보통'(이)라 평가한 강의평입니다."
2021,1,"강의도 참 잘하시고 인품도 좋으신 유혁 교수님
하지만 생각보다 a+은 잘 안주시는 것 같습니다..

시험은 역시 오픈북이고 기출문제를 사전에 공개해 주십니다. 기출문제에서 큰틀에서 같은 문제들이 나옵니다만 개인적으로 기말고사는 제시간에 풀기 촉박했습니다. 
시험과 별개로 수업에서 얻어가는 것들은 많은 것 같고 성취감도 있었습니다
강의력이나 전달력 인품 3가지를 다 갖추신 유혁교수님 짱짱
이 강의를 추천!학점을 '보통'(이)라 평가한 강의평입니다."
2021,1,"일단 교수님이 정말 천사십니다. 학생들과 소통하는 걸 정말 좋아하시고 교수 라는 단어에 가장 어울리는 분 아닌가 싶네요
이름을 콕찝어서 무작위로 질문하시는데, 제가 그런걸 정말 싫어했음에도 불구하고 좋은 강의였다고 생각합니다. (이름불린적 있는데 몰라서 가만히 있으면 다른 분들이 대답하십니다..ㅎㅎ) 교수님이 좋아서 계속 공부하고싶은 과목이었어요. 
시험 무난하게 보면 에이까지는 잘 주시는 것 같아요. 
텀프로젝트가 두개 나가는데 미리미리 하는 것을 추천드립니다. 가상머신 안돼가지고 컴퓨터뿌실뻔한적이 한두번이 아닙니다. 여러분의 멘탈은 소중하니까요..
별개로 난이도자체는 그렇게 어렵지는 않습니다. 그냥 익숙하지 않아서 힘들뿐...
학점을 '기대 이상'(이)라 평가한 강의평입니다."
2021,1,"열심히 한만큼 학점받는 듯. 프로젝트 자체는 조교님들이 설명을 잘해주셔서 쉽게쉽게 해결 할 수 있는 편이지만, 운영체제라는 과목 특성상 파고들면 끝도 없는데, 시험도 그렇게 내주십니다.

강의하신 내용을 곧이곧대로 받아들이지 말고, 스스로 생각해보는 시간을 충분히 가져야 좋은 학점을 가져갈 수 있습니다.

첫 강의에 추상화에 대해서 강조하시는 데, 수업 내용이 갈수록 추상적이고 이해하기 어려운 부분이 많아서 여러 번 강의를 돌려봐야 할 정도의 난이도라고 생각합니다. 

출석체크는 줌으로 하셔서 매번 출석체크를 했다고 표시했습니다.

전체적으로 어려운 강의였지만, 수업이 끝나고 스스로 생각하고 질문한 만큼 얻어가는게 많으실 거라고 생각합니다.
컴퓨터 구조에 대해 좀 더 배우고, 그것을 기반으로 어떻게 코딩하면 더 효율적인지 알 수 있어서 성취감은 꽤 있었습니다.ㅎ
이 강의를 추천!학점을 '보통'(이)라 평가한 강의평입니다."
2021,1,"교수님 강의력이 좋으셔서 다양한 것을 배워가실 수 있습니다. 컴구 내용을 잘 이해하셔야 더 얻어갈 것이 많습니다.
이 강의를 추천!학점을 '보통'(이)라 평가한 강의평입니다."
2021,1,"교수님이 정말 착하시고 학생들을 이해시켜주려고 하십니다.
인생 조언도 많이 해주시고 질문도 잘 받아주세요.
강의에서 배운 내용 자체는 많이 어렵지 않지만 시험에서 많은 창의력과 생각을 요구합니다.
오픈북이지만 오픈북인 이유가 있는 시험 스타일입니다. 배운 내용을 잘 이해하는 것에서 그치지 않고 여러 분야에 적용하며 스스로 생각해보는 걸 많이 강조하십니다.
중간 조지고 기말은 잘 보고 과제 거의 만점이었더니 비쁠 받았습니다. 마지막 과제가 좀 어려웠어요...
학점을 '보통'(이)라 평가한 강의평입니다."
2021,1,"중간고사는 어려웠지만.... 역시 유혁 교수님이십니다 강의력 최상급... 열정도 대단하십니다.
복습하기도 좋고, 자료도 좋아요!
이 강의를 추천!학점을 '보통'(이)라 평가한 강의평입니다."
2021,1,"유혁 교수님께서는 온라인 강의임에도 불구하고 학생들과 소통하려 하시고 배려해주시는 모습이 많아서 정말 감동이었습니다.

시험 또한 오픈북이기 때문에 공부할 때 수업을 외우려기 보다는 이해하는데 중점을 두고 공부해야합니다. 하지만 쉬운 개념들은 아니기 때문에 공부하는데 어려움은 좀 있습니다.

시험 전에 이전 기출문제들을 다 풀어주시고 조교님들과의 qna도 활발하게 이루어지기 때문에 공부하기 편합니다.
학점을 '보통'(이)라 평가한 강의평입니다."
2021,1,"내용에 대한 설명이 친절하시고 교수님이 열정도 있으셔서 운영체제에 대한 이해를 하려면 충분히 좋은 강의임

하지만 시험 내용도 굉장히 심화적이고 전체적으로 영강이라서 내용 따라가기가 버겁다면 쉽게 무너질 수 있음
학점을 '기대 이하'(이)라 평가한 강의평입니다."
2021,1,"먼저 교수님께서 굉장히 설명을 잘하시고 학생들이 질문하시는걸 굉장히 좋아하시고 질문하는 분위기를 권장하신다. 
과제: 리눅스 시스템 콜 구현 / 커널 수정을 통한 CFS 스케줄러 분석 - 조교님께서 힌트를 많이 주시기 때문에 구현하는데 큰 문제는 없다. 다만, 15 + 35 = 50점으로 배점이 매우 크고 평균이 37 / 50점이다. 보고서에서 굉장히 많이 감점을 하시는거 같다. 보고서를 신경쓰도록 하자. 
중간 및 기말고사: 시험문제가 오픈북이고 문제가 음.. 광활하다. 일단 개념 설명 문제가 나오면 관련되어 있는 모든 것들을 다 가져다 쓰면 채점 기준에 부합될만한게 나올 수 있으니 다 쓰는게 좋은듯

학점: 칼절평을 하셨다. 에이제로는 총점 80점이었다고 하심.
이 강의를 추천!학점을 '보통'(이)라 평가한 강의평입니다."
2021,1,"교수님 강의력이 많이 안좋은 편이어서 열심히 하는 학생들은 수업과는 별도로 운영체제를 공부하는 듯 해보였고, 수업 끝나고 질문도 많이 나왔어요

그래도 교수님은 좋으신 분이시고, 가볍게 운영체제 개념을 좀 알고싶단 분들은 과제하면서 얻어가는게 조금 있을 것같습니다.

과제는 한 학기동안 두 세개 정도 나가고 시스템 콜 만들고 호출해보는 것, 스레드 스케줄링? 관련 분석 등 아주 어렵지는 않습니다.

시험이 조금 문제인데, 수업에서 배운것이 나온다기보다 수업에서 배운 개념은 토대로 응용해서 suedo 코드를 작성하거나 작동 흐름 같은 것을 써야합니다.

저는 문제가 너무 어려워서 과제를 최대한 열심히 했고....그냥 성적은 적당히 나온듯해요!
학점을 '보통'(이)라 평가한 강의평입니다."
2021,1,"출석은 비대면이다 보니까 자동으로 줌 로그인을 통해 확인하시는 것 같고
수업 시간 중에 지정해서 질문을 하시곤 하십니다.
따로 유튜브에 영상도 올려주셔서 이해 안 되는 내용은 다시 보거나 질문하게 되면 답도 되게 잘 해주셔서 큰 어려움은 없을 것 같아요
시험은 다 오픈북으로 했고 단순 암기보다는 이해하고 응용하시는 부분을 중요하게 보시는 것 같습니다.

교수님이 알고 계신 게 많아서 도움이 많이 된 과목이라 생각합니다.
이 강의를 추천!학점을 '보통'(이)라 평가한 강의평입니다."
2021,1,"공부하기에 좀 까다로운 과목이었습니다.
수업 중에 배운 것은 기본으로 깔고, 기출 문제를 철저하게 연습하셔야 합니다.
세마포어나 메모리 문제 등 중간, 기말고사에 나오는 문제 유형을 익히시면 시험은 어렵지 않을 것입니다.
학점을 '보통'(이)라 평가한 강의평입니다."
2021,1,"한 학기동안 배운 것이 가장 많은 과목 중 하나였음.

중간 이후부터 내용이 어려워지기 때문에 개인적으로 복습해야하는 시간이 늘긴하지만 그만큼 배운 것도 많음.

교수님께서 항상 학생들 질문에 성의있게 대답해주셔서 좋았음. 다만, A+ 컷은 굉장히 높은 것 같다 ..
이 강의를 추천!학점을 '보통'(이)라 평가한 강의평입니다."
2021,1,"교수님이 학생들과 소통하려고 많이 노력하십니다. 또한 강의력도 너무 좋으셔서 대학교 강의다운 강의를 들은 느낌입니다. 시험은 오픈북이지만 사실 공부를 안했으면 도움이 안됩니다.
학점을 '기대 이상'(이)라 평가한 강의평입니다."
2021,1,"교수님의 강의력이 좋아 대체적으로 만족스러운 강의였습니다. 과제는 c언어 기초만 하실 줄 알면 굉장히 쉽습니다. 중간 기말 다 잘봤는데 +은 안붙여 주십니다.
학점을 '보통'(이)라 평가한 강의평입니다."
2021,1,"과제는 조금 아쉬운 부분이 없잖아 있지만, 교수님 강의력엔 역시 문제가 없는 듯 합니다
운영체제 들으면서 더 정확히 이해하고 싶다면 공룡책과 함께 하면 좋을 듯 합니다
책이랑 병행 했을 때 강의 너무 좋았습니다
학점을 '보통'(이)라 평가한 강의평입니다."
2021,1,"교수님 강의력 최고십니다! 설명도 쉽게 잘 해주시고, 질문도 많이 받으고 답변도 잘 해주셔서 좋았습니다.
학점을 '보통'(이)라 평가한 강의평입니다."
2021,1,"굉장히 이해하기 쉽게 가르쳐주시고, 열의가 넘치심.
대신 문제가 창의적이라 기출을 한번 보고 감을 잡는 것이 좋을 듯
학점을 '보통'(이)라 평가한 강의평입니다."
2021,1,"모르는거 있으면 세세하게 답변해주시고
학기 내내 정말로 무언가를 배운다는 느낌을 받았습니다
운영체제를 듣는다면 꼭 들으시는걸 추천
이 강의를 추천!학점을 '기대 이상'(이)라 평가한 강의평입니다."
2021,1,"교수님께서 학생들과 소통하기를 좋아하십니다. 수업도중에도 질문을 자주 던지시고 수업 마지막 20~30분은 꼭 QNA를 하십니다.
학점을 '보통'(이)라 평가한 강의평입니다."
2021,1,"교수님은 천사이신데, 설명을 생각보다 좀 못하세요.. 질문 받아주시느라 설명할 시간이 좀 부족한 것 같기도 하고,,, 듣다보면 좀 난해해서 교수님 설명을 바탕으로 책찾아보면서 공부해야합니다. 플젝은 쉬워요. 2개 내주십니다. 출첵은 매일 하시는데, 출석점수는 반영 안됩니다.
이 강의를 추천!학점을 '보통'(이)라 평가한 강의평입니다."
2021,1,"내용을 정말 꼼꼼하게 가르쳐 주십니다. 많은 시간을 질문에 투자 하시며 질문 내용이 정말 중요합니다. 질문 내용에서 더 구체적으로 배울 수 있고 중간, 기말 시험에도 질문에 있는 심도한 내용을 다룹니다. 과제는 어렵지 않으나 오류가 많이 뜹니다. 천천히 1~2주 정도 잡고 하시길 추천 드립니다.
학점을 '보통'(이)라 평가한 강의평입니다."
2021,1,"컴구 다음으로 들었던 운영체제 수업입니다.
유혁 교수님 질문도 너무 잘 받아주시고 열정 넘치게 강의 해주십니다.
과제도 조교님들이 올려주신 자료 꼼꼼히 읽으면 시간은 걸리겠지만 어렵진 않았습니다.
중간 이후로 망했는데, 학점은 나쁘지 않게 나와서 너무 행복해요.
이 강의를 추천!학점을 '기대 이상'(이)라 평가한 강의평입니다."
2021,1,"강의력이 매우 좋으신 교수님 . 학생들이 무슨 질문을 해도 척척 대답해주셔서 존경스러움
교수님 수업만 따라가도 운영체제에 대해 깊이있게 이해할 수 있음
과제는 커널 코드 조금 수정하는게 나왔는데 별로 어렵진 않았음
시험문제는 최근 기출과 비슷하게 나오니 그거 숙달하고 가면 됨
이 강의를 추천!학점을 '기대 이상'(이)라 평가한 강의평입니다."
2021,1,"수업은 참 만족스럽습니다. 교수님 짬밥이 어마무시해서 모든 질문에 답을 명쾌하게 해주십니다.

다만 수강생들이 컴퓨터구조는 듣고 오면 참 좋겠습니다.

리눅스 커널 소스를 건드리는 몇 안 되는 수업이지만 겉 핥기식으로 메뉴얼대로만 하면 풀리는 과제입니다.

시험이 오픈북이라 참 좋습니다.
이 강의를 추천!학점을 '기대 이상'(이)라 평가한 강의평입니다."
2021,1,"학생을 배려 많이 해주시고 학생의 이해를 바탕으로 수업을 진행하고자 노력하십니다. 강의력이 좋고 강의 내용 자체는 그렇게 어렵진 않습니다
이 강의를 추천!학점을 '보통'(이)라 평가한 강의평입니다."
2021,1,"운영체제에 대한 전반적인 내용을 배우는 강의인데 오픈북이라서 공부할 양은 많지 않지만 코드를 직접 짜야하는 문제가 하나 나오고 1,2차 과제를 하기 위해서는 자료구조에 대한 이해와 리눅스 활용을 잘해야 합니다.
학점을 '기대 이하'(이)라 평가한 강의평입니다."
2021,1,"빡셉니다. 사실 강의 내용은 그럭저럭 들을만한데 시험이 굉장히 빡센 편입니다. 중간중간 내주시는 실습도 조금만 공부하시면 문제는 없을 겁니다. 근데 시험이 너무 빡세서 비전공자가 듣기에는 무리가 있을 듯 싶습니다.
학점을 '보통'(이)라 평가한 강의평입니다."
2021,1,"질문을 하면 친절하게 답해주십니다. 과제도 있는데, 피피티랑 동영상 잘 보고 침착하게 따라하면 어렵지 않은 과제에요. 처음 해보는 거라 낯설 수는 있는데 천천히 하세요! 시간 오래 걸리긴 합니다. 
시험이 어렵습니다. 기출 제공해주긴하는데 유형은 대충 알 수 있지만 시험이 생각이 많이 필요한 시험입니다. 근데 딱 75분 줘서 저는 시간이 약간 부족했어요. 기출 보면 대충 어떤 걸 중요하게 생각하시는지 알거에요. 
성적은 그냥 보통으로 주시는 것 같습니다.
학점을 '보통'(이)라 평가한 강의평입니다."
2021,1,"교수님께서 정말 열의 넘치게 강의하십니다.
단순히 암기하는 것보다 배운 내용들을 서로 연관시키는것을 매우 중요시하시고 강조하십니다.
가끔씩 한명씩 지목해서 질문을 하시는데 교수님은 정말 친절하시지만 그 상황은 조금 무섭습니다..
과제는 두번 나오는데 커널 컴파일이 오래걸릴뿐 과제자체가 어렵거나 크게 부담이 되진 않습니다.
이 강의를 추천!학점을 '보통'(이)라 평가한 강의평입니다."
2021,1,"교수님의 강의력은 컴퓨터학과에서 손꼽힐 정도로 좋으시고 마인드도 엄청 훌륭하신 교수님입니다.
수업내용도 매우 알차고 학생들의 질문에도 매우 꼼꼼하게 답변해주시고 전문가포스가 확 느껴지십니다.
학습량은 그렇게 많지는 않다고 느껴지지만 시험문제가 단순암기가 아닌 활용하는 문제가 대부분이기 때문에 공부를 열심히 해도 제대로 깊게 이해하지 못했다면 시험문제를 풀지 못할 확률이 높습니다. 즉, 시험난이도는 꽤 있는 편입니다.
학점은 점수 맞은 만큼 주시는거 같고, 비록 시험은 어렵지만 얻어가는게 많은 강의이므로 의미있는 강의를 듣고 싶다면 추천합니다.
이 강의를 추천!학점을 '보통'(이)라 평가한 강의평입니다."
2021,1,"강의도 잘 해주심
오픈북 시험이기에 시험 며칠 전부터 강의 몰아 듣고 기출 한 번 쭉 보고 가면 평균 이상은 뜨네요
다만 중간 기말 다 평쁠 꽤 돼서 A 뜰 줄 알았는데 B+ 이어서 슬펐습니다

그리고 질문이 너무 많았는데 다 너무 세세하게 설명해 주셔서 수업 진행 안될 때가 많아서 이 부분만 좀 그랬습니다
이 강의를 추천!학점을 '기대 이하'(이)라 평가한 강의평입니다."
2021,1,"- 배우는 내용은 정말 잘 가르쳐 주신다고 생각함. 질문에 대해서도 깊게 답 해주시고 진짜 하는만큼 얻어가는 강의인거 같습니다.
- 시험은...ㅎㅎㅎ...어렵다기보다는 배운 내용들을 복합적으로 응용하는 거라고 생각하는데 뭐..될놈될
- 학점은 그렇게 잘 주시는 것 같진 않습니다! 다만 열심히만 하면 프로젝트 점수도 적당히 주시고 비쁠은 거의 기본으로 주시는 것 같습니다
- 교수님의 목소리를 듣기가 힘들었습니다. 그래서 아마 현강을 하게되면 수업 듣기가 힘들테니 인강일때 듣는 걸 추천합니다
- 내용이 어려워서 노력 열심히 하셔야 남는게 있을거같습니다
이 강의를 추천!학점을 '보통'(이)라 평가한 강의평입니다."
2021,1,"강의력 최고
그러나 공부할 양은 많고 시험도 쉽진 않습니다.
하지마 ㄴ컴과생으로서 이정도는 무조건들어야한다고 생각하고 무조건 얻어가야하는 것들입니다.
학점을 '보통'(이)라 평가한 강의평입니다."
2021,1,"갓 유혁 교수님의 운영체제 강의.. 학점을 받긴 힘들었으나, 전반적으로 얻어가는 것이 많은 강의였던 것 같습니다.
생각해볼만한 지점들을 많이 던져 주시고, 실제로도 스스로 생각해보길 유도하시는 수업 방식이 좋았습니다.
정말 운영체제에 대해서 진지하게 공부를 해보고 싶다면 추천합니다!
이 강의를 추천!학점을 '보통'(이)라 평가한 강의평입니다."
2021,1,"유혁 교수님의 친절한 강의를 통해 운영체제 전반에 대해 알 수 있어서 좋은 강의였습니다.
학점, 시험, 과제 등 모두 좋았습니다
이 강의를 추천!학점을 '기대 이상'(이)라 평가한 강의평입니다."
2021,1,"운영체제에 대해 개념적인 부분과 함께 배웁니다. 중간에 c++을 이용한 2개의 프로젝트가 있습니다. 운영체제에 대한 기본 지식이 있다면 쉽게 수행할 수 있습니다.
학점을 '보통'(이)라 평가한 강의평입니다."
2021,1,"학생들에게 관심이 많으시고 질문 하나하나 다 받아주십니다.
일방향적 수업보다는 학생 스스로 생각할 수 있게 가르쳐주십니다.
학점도 잘주시고 최고
학점을 '기대 이상'(이)라 평가한 강의평입니다."
2021,1,"그저 빛… 인간적으로도 존경스러운 교수님..
질문 많이 하세요 내가 보기에 하찮아 보일지라도 그냥 하세요 내 질문은 하찮을지라도 교수님의 답변은 그렇지 않습니다.. 정성들여 인사이트 공유해주시는 교수님의 금과 같은 말씀 들을 기회입니다
이상 주접이었고요

수업 최대한 집중해서 들으시면 개인공부 시간이 훨씬 줄어드실 겁니다
공부 면에 있어서라도 수업 중에 모르겠는 부분 있으면 바로 질문하세요 적극적으로 내용 소화하시면서 들어야 합니다
시험에도 그런 내용이 나오기도 하고요 그냥 들은 거 뱉어내는 시험이 아니라 정말 이해하고 정말 새로운 문제에 이 원리를 적용시킬 수 있는가를 묻는 문제가 나옵니다. 기출시험지 제공해 주실테니 풀어보시면 감 잡으실 겁니다
그러다보니 피피티 내용, 책 내용만으로는 제대로 이해하는 데 시간이 꽤 걸릴 수 있어요. 그러니 수업 때 피피티 내용 + 그에 대한 교수님의 부연설명과 인사이트 가 있는 수업에 최대한 집중하시는 게 꿀팁입니다

과제는 커널 코드 수정 과제가 있었는데 글쎄요 코딩 경험이 있다면 어려울 게 없지 않나 싶습니다..
수시과제? 수업 중에 돌발과제가 가끔 나오는데 성적에 들어가진 않는 것 같습니다 그래도 금방 하고 하면 이해에 도움되는 것들이니 대강 해보세요
이 강의를 추천!학점을 '기대 이상'(이)라 평가한 강의평입니다."
2021,1,"공부만 한다면 얻을게 많은 강의입니다. 타과학생들이 많아서 기초적인 질문들이 많은 부분도 있습니다.
학점을 '보통'(이)라 평가한 강의평입니다."
2021,1,"수업은 모두 줌으로 진행했고 시험은 대면으로 봤습니다. 중간에 간단한 이론과제가 3번 정도 있었고 버추얼 박스 쓰는 주요 과제가 환경 세팅 제외하고 2번이었습니다.

시험 방식이 오픈북인데 ppt 출력본이나 정리한 요약본 등 종이로 된 것들을 가지고 와서 참고할 수 있습니다. 문제 중에 제시되는 사례?에 직접 배운 것과 관련해 고안을 해본다거나 하는 것도 있고, 한 갈래 안에서 세분화되는 방식들에 대해 비교 정리하는 식도 있습니다. 개념과 관련되는 것은 몰라도 직접 고안해보는 식은 아무래도 오픈북이라는 점이 크게 중요하다기보다 배웠던 걸 잘 이해하고 응용해볼 수 있어야 할 것 같아요.

이론과제들은 수업 중에 나온 질문이나 교수님이 물어보는 것을 가지고 즉석으로 내셨던 것 같은데 성적 포함은 아니고 수업 관련 이런저런 배경적인 것들을 알아본다 생각하고 간단하게 조사했습니다.
주요 과제의 경우 0차과제인 버추얼 박스 및 우분투 환경 세팅을 시작으로, 1차 2차과제 모두 커널 코드를 적당히 수정해서 결과를 얻으면 됩니다. 조교님께서 올려주시는 과제 안내 영상이 큰 도움이 됩니다. 영상을 꼼꼼히 보고 계속 구글링도 겸해서 과제를 끝내고 나니 처음에 아무것도 몰랐을 때 막막했던 것에 비해서 그렇게 복잡한 과제는 아니었더라구요. 다만 커널 컴파일하는데 시간이 꽤 오래 걸립니다. 저는 2차과제 할 때 재부팅하고 가상머신이 안 켜져서 결국 다시 환경 세팅하고 처음부터 시작했어요ㅠ 인내심을 가지고 혹시 모를 상황에 대비해서 수정했던 부분이나 그런 걸 따로 메모장에 옮겨놔도 좋을 것 같습니다,, 과제하면서 수업에서 배울 때에는 다소 추상적으로 느껴지기도 했던 구조가 조금 더 직관적으로 다가왔습니다.

수업은 제 개인적으로 그렇게까지 잘 들어오는 편은 아니었습니다만 암기가 아니라 이해와 응용을 강조하시기도 하셨고.. 대체로 그런 식의 수업과 시험이었던지라 마음은 편했던 것 같습니다.
이 강의를 추천!학점을 '보통'(이)라 평가한 강의평입니다."
2021,1,"교수님이 너무 좋으십니다. 설명도 잘해주시고 학생들 질문에도 잘 답변해주십니다. 개인적으로 교수님의 수업 방식이 잘 맞았던 것 같습니다.  주관적인 생각으로는 교수님의 시험 문제 출제 스타일이 독특하십니다. 저 같은 경우에는 시험에서 시간이 좀 부족하여 아쉬운 결과를 받았습니다. 그래도 교수님이 기대 이상으로 학점을 잘 주신 것 같습니다.  과제는 크게 2개가 있었는데, 생각보다 쉽게 해결했던 것 같습니다.
이 강의를 추천!학점을 '기대 이상'(이)라 평가한 강의평입니다."
2021,1,"강의 엄청 잘하심.
중간기말 3년치 올려주심.
중간고사때 문제에 잘 적응을 못해서 점수가 잘 안나왔었는데 
기말고사때 이전 기말고사들 채점기준까지 읽어보니까 어떻게 얼마나 쓰라는지 좀 이해됨.
이 강의를 추천!학점을 '보통'(이)라 평가한 강의평입니다."
2021,1,"유혁 교수님 팬이 왜 많은지 알 수 있습니다.
강의력 좋으시고 학생들과 소통을 많이하시려 합니다.
OS가 좀 어려운 과목인데 덕분에 재미있게 들었던 것 같습니다.
그러나 시험은 좀 어려운 편이구요 학점 컷도 생각한 것 보다 많이 높았습니다.
과제 2번 있는데 며칠 갈아 넣으시면 하실 수 있습니다.
학점을 '기대 이하'(이)라 평가한 강의평입니다."
2021,1,"교수님의 열정이 느껴졌던 과목이었지만, 명성만큼의 강의력은 아니었던 것 같다. 하지만 전체적으로는 괜찮았으며, 모르는 부분이 있으면 다 대답해주시고 수업을 종료할 정도로 학생에게 친절하시다. 시험은 매우 어려운데 그 이유는 배우는 것들을 다 종합해서 응용 문제를 내주시기 때문에 높은 점수를 받으려면 모든 material에 대해 통달해서 새로보는 문제에 대해 논리적으로 근거를 제시해서 답을 해야한다. 절대적인 학습량은 많은 편은 아니지만 모든 것을 이해해야 하는 노력까지 합한다면 적은 양이 아닌 것 같다.
학점을 '보통'(이)라 평가한 강의평입니다."
2021,1,"강의력이 매우 좋으시고 학생들을 많이 생각해주십니다. 과제는 타과생에게는 쉽지 않았지만 수업 내용도 좋고 흥미롭게 수업하셔서 재밌게 수업을 들을 수 있었습니다.
이 강의를 추천!학점을 '보통'(이)라 평가한 강의평입니다."
2021,1,"점수는 중간고사, 기말고사, 그리고 과제를 바탕으로 받습니다. 
중간고사와 기말고사는 오픈북으로, (전자기기를 제외한) 수업자료를 가져와서 문제를 풀 수 있습니다. 
과제는 학기 초반에 글로 써서 내는 과제 몇 가지와 리눅스 프로그래밍 과제 2 개가 있었습니다. 
프로그래밍 과제는 과제를 돕기 위해 자료와 영상이 제공되기 때문에 많이 어렵지는 않았습니다. 

수업의 경우, 교수님께서 차근차근 설명해 주시기 때문에 처음 접하시는 분들도 무리 없이 따라갈 수 있을 것이라고 생각합니다. 그런데 후반으로 갈 수록 내용이 너무 어려워서 저는 개인적으로 많이 헤매었습니다. 그렇지만 교수님께서 질문을 많이 받아주시기 때문에 어려우신 분들은 적극적으로 질문을 하시면 많은 도움을 얻을 수 있을 것이라고 생각합니다.
이 강의를 추천!학점을 '기대 이상'(이)라 평가한 강의평입니다."
2020,1,"코로나임에도 불구하고 최대한 학생들과 소통하시려고 노력하시는 참교수님이십니다.
개인적으론 강의 인원이 더 적었다면, 더 많은걸 배울 수 있었을거같아요. 이런 교수님들이 많으셨으면 해요.

강의는 OS에 대해 배우는데 교수님만의 개념으로 설명해주십니다. 그리고 학생들에게 질문을 많이하셔서 코로나라 비대면으로 강의하는데도 계속 댓글을 확인하시면서 소통하세요. 학생들이 너무 대답이 없으면 서운해하시기도 합니다.
OS에 대해선 깊게 배우진 않아요. 과제도, 수업 내용도 다 평이한 수준이고 원래 커리큘럼이 그런진 몰라도 강의량도 많이 않은 느낌? OS라는 방대한 과목을 가르치기엔 한학기가 너무 짧아 어쩔 수 없이 일부분만 가르치신것같아요.
과제는 수업때 집중잘했으면 어렵지 않게 할 수 있어요. 오래걸리지만 그게 어려워서그런게 아니라 그냥 컴파일이 오래 걸리고, 느려서 그런거라 컴파일 돌려놓고 그시간에 다른공부하시면 됩니다."
2020,1,"<2020-1 코로나 시기에 작성된 강의평가입니다>

큼지막한 과제가 총 2개(1차, 2차과제)가 나오는데 그게 성적의 50%를 차지합니다. 근데 정말 쉽습니다. 여기에서 점수 깎이면 정말 타격이 큽니다...

장단점이 명확한 수업 방식입니다. 질문을 정말 잘 받아주십니다. '이러이러한 부분을 다시 설명해 주실 수 있나요?'와 같은 질문을 하면 다시 설명해 주십니다. 수업 내용을 기준으로 확장되는 내용도 질문하면 설명 잘해 주십니다. 근데 이것때문에 수업 흐름이 진짜 자주 끊깁니다. 별 의미 없어보이는 질문들도 정말 많기 때문입니다. 본인이 질문을 많이 한다면 좋은 수업일텐데, 그정도는 아니었던 저는 다른 사람들 질문 때문에 수업에 집중이 안 되는 느낌을 많이 받았습니다. 

과제가 쉽고, 시험도 오픈북이기 때문에 학습 부담은 적습니다. 전필인 운영체제를 이정도로만 배우고 공부해도 되나 싶긴 했습니다."
2020,1,"배우는 내용들을 잘 엮어서 설명해주십니다
암기보다는 이해를 중요시하시는데, 그것이 시험에서도 그대로 드러납니다
기출문제를 참고해서 문제 스타일을 파악하시면 좋을 듯합니다
한학기 동안 운영체제의 전체적인 모습을 그려나갈 수 있는 수업이었습니다."
2020,1,"교수님이 정말 따뜻하시고 그 어떤 질문에도 친절하고 상세하게 답해주십니다. 매번 질문을 드릴 때마다 교수님의 지식의 깊이에 감탄하고 갑니다... 과제는 0차, 1차, 2차 과제가 있었는데 어렵지는 않았어요. 대신에 수시과제가 있는데 교수님께서 수업 진행하시는 중간에 과제를 즉석에서 내십니다. 이 수시과제를 이용한 평가는 진행하지 않으신 것 같기도 하지만 평소에 생각해볼 거리, 시험 문제와 비슷하게 다양한 개념을 연관지어서 생각할 수 있는 기회를 제공해주시는 것 같아 좋았습니다. 다만 학점은 다른 과목들처럼 코로나 학점으로 막 후하게 주신 것 같진 않아요... 그냥 평소처럼 주신 것 같습니다."
2020,1,시험은 조금 어렵긴하지만 정말 재밌어요!
2020,1,"강의 내용은 다소 어려울 수 있지만 교수님께서 친절하시고 학점 잘 주십니다
교수님 께서 말씀하신 것들 위주로 공부하면 시험 잘 보실 수 있어요"
2020,1,중간에 강의 내용 놓치면 조금 힘드니 정신차리고 수업 들어야돼요 대신 학점 매우 매우 매우 후하게 주시니 마음놓고 공부하시면 됩니다
2020,1,강의가 대단히 체계적이며 교수의 강의력이 대단히 우수하고 수업 중 질문을 장려하여 학생들은 의문점을 즉각적이고 상세하게 해결할 수 있습니다. 과제와 시험을 같은 비율로 반영하지만 과제는 매뉴얼을 따라하기만 하면 해결할 수 있는 수준으로 제공되며 시험은 오픈북이고 기출문제가 제공되는데다 출제 유형이 기출문제에서 크게 벗어나지 않으므로 시험에 대한 부담이 높은 편은 아닙니다. 오픈북 시험의 특성상 학생의 지식이 부족하면 시간이 부족하기 때문에 충분한 공부를 바탕으로 다소 순발력을 발휘해야 좋은 성적을 받을 수 있기는 하지만 그 정도가 평소에 수업을 열심히 들었다면 크게 문제가 되지 않는 정도입니다.
2020,1,교수님 질문 잘 받아주시고 친절합니다. 하지만 학점 A+은 짜게 주시는 것 같습니다. 코로나로 인해 중간 없이 기말 한방이었는데 오픈북이어도 잘 못 풉니다. 물론 잘 푼 분들도 계시겠지만 열심히 하시면 좋은 결과 있을 겁니다. 공부는 동기화부분부터 조금 어려워졌습니다.
2020,1,"정말 많은 것을 배운 강의입니다.
바닥부터 차근차근 탑을 쌓는 느낌입니다.
텀프 2개에 수시과제가 있습니다.
시험은 오픈북입니다."
2020,1,"1,2차 과제는 누구나 할 수 있을 정도로 쉽게 나왔습니다. 다만 시험이 단순 암기식이 아닌 공부를 하면서 인과관계를 생각해야 답안을 작성할 수 있는 문제들로 출제됩니다. 족보는 교수님이 주십니다."
2020,1,"코딩과제가 있어서.... 사실 비전공자에게는 과제가 별로 쉽지 않고 부담스러웠습니다.
왜냐하면 수업과 설명을 열심히 듣는다고 과제가 쉬워지지 않았거든요..
특히 이번학기에 중간고사 과제 대체 등이 있었기 때문에 과제 비중이 높아서
학점은 망했습니다. 다음학기도 온라인에 과제 대체라면 감안하고 들으시면 좋을 것 같습니다.
다만 이러한 점을 제외하면 교수님 강의력이 정말 좋았고 배우는 내용도 재미있었습니다.
또 조교님들이 정말 친절하시고 질문하기 편한 분위기입니다. 
성취감도 있고 이번학기 온라인 강의중에 사실 가장 깔끔했던 강의입니다."
2020,1,컴퓨터학과 전공관련교양 및 2학년 필수전공 수업을 이수한 상태에서 수강하는 것을 추천합니다.
2020,1,교수님의 목소리가 조금 졸리단거 빼면 무난한 강의였던거 같습니다.
2020,1,"공부한 만큼 결과가 나오는 것 같고 조교님들도 과제에 대해서 친절하게 설명해주시고 답변주셔서 많은 지식이 없어도 잘 적응하고 배울 수 있었습니다.
교수님 강의력도 나쁘지 않고 과제 난이도도 그리 어렵지 않으신 것 같습니다."
2020,1,"강의력은 정말정말 좋으십니다
다만 시험이 정말 정말 어렵다는거
참고하세요"
2020,1,"유명하신만큼, 정말 잘 가르쳐주시고, CS에 대한 시야를 좀 더 넓힐 수 있는? 아주 귀중한 수업이었습니다 ㅎㅎ"
2020,1,운영체제 내용 자체가 상당히 어렵기 때문에 걱정했으나 역시 유혁교수님의 강의력으로 모든게 커버됩니다. 교수님이 워낙 친절하시고 학생들의 피드백을 굉장히 신경쓰시기 때문에 세세하게 강의하십니다. 과제 점수 비중이 크고 기말고사는 상당히 까다로워서 공부를 많이해야합니다. 과제만점에 기말고사 평쁠 20을 넘었는데도 A를 받아서 아쉽습니다. 코로나라 학점 후하게 주신다던데 A+는 정말 소수에게 준 듯 합니다.
2020,1,"뭔가 추상적인 느낌을 떨칠 수 없었는데 지금도 그래요... 교수님께서 참여형 수업을 좋아하시는거 같아요 질문을 많이하라고 권장하십니다. 온라인 강의 때 학번 순으로 이름 불러서 질문하기도 했습니다. 이건 평가에 포함되지는 않았던거 같아요. 과제는 자잘자잘하게 수업시간에 하나 씩 ~~에 대해 검색해보세요 라고 하신게 올라오는데 이것도 평가에 포함된거 같지는 않습니다. 자잘자잘한 과제말고 다른 과제 2개가 나오는데 시스템콜 만들어 보기와 CPU Burst time 구하는거였습니다. 둘 다 삽질만 안 하면 금방 할 수 있는 과제였습니다. 
시험은 중간고사 없이 기말고사 전범위로 봤습니다. 오픈북이라 암기는 그닥 도움이 안 되고 그냥 체계적으로 잘 이해해가면 a는 무난히 받을거같아요"
2020,1,"학생을 매우 배려하시고 강의력도 매우 좋은 교수님이시다.
하지만 내용이 어려워서 열심히 강의를 따라가야 한다."
2020,1,"컴구를 먼저 듣고 들으시는 걸 추천드립니다.
리눅스 커널 프로그래밍을 하는데 아주 쉬운 수준이니 크게 걱정 안 하셔도 됩니다.
다만 오류가 좀 많이 생겨서...코딩이 오래 걸릴 수 있어요. 코딩 자체는 어렵지 않은데 리눅스 가상 머신을 처음 굴려봐서 많이 헤맸습니다ㅜㅜ그래도 조교님꼐 여쭤보면 잘 알려주셔요.
수업양은 많은 편이고 내용도 조금 어렵지만 헬강은 아니었습니다.
다만 코로나 사태로 기말에 몰아서 시험을 봤는데 그걸로 학점이 결정나는 점이 좀 부담스러웠습니다.
시험 내용은 강의 내용을 제대로 이해하고 응용한 내용이 나오므로 강의 내용을 정확히 이해하고 활용할 수 있을 정도로 공부를 하시는 것이 중요합니다.
시험이 좀 어려웠던 것 뺴고는 무난한 수업이었습니다. 아 물론 컴과 기준인 거 아시죠?"
2020,1,"잘 가르치십니다. 대신 같은 말을 많이 반복하시고, 말씀이 조금 느리십니다. 유튜브에 올려주셔서 빠른 배속으로 봐서 다행이었지만, 실시간 온라인 강의로 봤다면 조금 힘들었을 것 같습니다."
2020,1,"교수님이 가르치려는 열의가 아주 높으시고, 질문도 잘 받아주십니다. 본래 유혁 교수님 강의의 묘미는 오프라인 강의를 통한 소통이었는데 환경이 따라주지 않아 아쉬웠네요. 온라인 교육의 영향인지 모르겠지만 과제 난이도가 낮습니다. 한 학기에 큰 과제 두 개와, 교수님이 시키는 퀴즈 비슷한 수시과제? 가 있습니다. 열심히 참여한다면 얻는 것도 많고, 점수도 매우 잘 주시는 편이므로 선택하신다면 후회는 없으실 것 같습니다. 운영체제 교수님 중에선 제일이 아닌가..."
2020,1,"이번 학기는 온라인이었기에 출석체크를 자주 하시지는 않았으나, 가끔 수업시간 도중에 질문하시면서 출석체크를 하셨습니다.

시험은 오픈북 시험으로 진행되며, 전자기기를 제외한 자신이 가져올 수 있는 모든 자료를 갖고 올 수 있습니다. 기출 문제를 제공해주시기도 하니 참고할 수 있습니다.
시험 문제는 평이한 개념문제를 물어보는 것도 있으며, 세마포 문제는 기말고사에 항상 빠지지 않고 나오는 것 같습니다.

수업력이 그렇게 좋으신 것 같지는 않았습니다. 하지만 운영체제 수업으로 듣기에는 적당하였습니다.

학점은 이번 학기 특성상 잘 주셨습니다."
2020,1,"중간, 기말과 텀 프로젝트 2번으로 이루어진 강의입니다. 이번 학기에는 코로나때문에 중간고사는 보지 않았었습니다. 시험은 오픈북 시험이고 os의 모든 개념을 이해하고 있어야 풀 수 있는 문제가 출제되기 때문에 이런 시험과 맞지 않는 분들은 힘들어하실 수 있다고 생각합니다. 
강의력은 정말 좋으십니다. 교수님께서 os강의에 대해 자신만의 철학을 가지고 계셔서인지 강의를 따라가다보면 중요한 개념을 몇번이고 곱씹을 수 있습니다."
2020,1,"많은 내용을 가르치시고, 많이 배워갈 수 있는 강의
운영체제란 이런 것이구나 알 수 있게 된 강의"
2020,1,"너무 어렵지도 않고 학생들과 커뮤니케이션 위주로, 주입식 교육이 아닌 학생이 무언가 얻어갈수 있도록 노력하시는 모습이 돋보이는 수업이었습니다. 시험문제도 답이 정해져있는 문제가 아닌 생각을 묻는 문제가 많았고, 교수님 강의력도 좋았습니다. 덕분에 큰 성취감을 얻을 수 있었습니다. 프로젝트가 2개 있었지만 크게 어렵지 않았습니다."
2020,1,"유튜브로 실강. 가끔 학생들 이름 불러서 질문하시면 댓글로 답 달아야 했음. 
과제 2번 있었고 처음에 헤매긴 했는데 난이도 자체가 엄청 높진 않았던 것 같음.
기말고사 오픈북이었음."
2020,1,"비대면 강의 였습니다.
질문사항이 있으면 따로 학교로 불러 질문을 받아주시기도 하였고,
os 에 대해서 심층적인 공부를 할 수 있어서 좋았습니다.
file system 에 관해서는 2학기 과목인 시스템프로그래밍을 수강하기를 권장합니다."
2020,1,"운체를 완벽히 이해할 수 있었어요
최고의 교수님"
2020,1,"컴과라면 어차피 거쳐가야하는 OS입니다.
유혁교수님 좋으십니다. 추천합니다."
2020,1,"1. 출석 체크

학기 초반에는 출석 체크를 하셨지만 점수에 들어가지는 않습니다.

2. 수업 스타일 

일방적인 지식 전달이 아닌, 학생들에게 끊임없이 질문을 던지시며 개념에 대해 깊이 있게 생각하도록 유도하십니다. 

3. 학점

학점은 평범하게 주시는 것 같습니다. 

4. 기타

교수님이 굉장히 친절 하시고, 학생들이 다양한 방면으로 생각 할 수 있게 도와주십니다. 이번 학기 수업을 들으면서 굉장히 만족했습니다."
2020,1,"그냥 강의 내용 쭉 따라가고 과제도 하면 무난하게 학점을 받을 수 있다. 다만, 에이쁠은 거의 안주신다. 과제는 어느정도 재밌는 코딩을 주로 내신다."
2020,1,"일단 제가 배경지식도 거의 없고 운영체제 과목 특성상 이해하기 난해한 부분이 많았습니다.
교수님이 친절하게 최대한 설명해주시고 질문도 잘 받아주시고 하시는데 그부분이 역으로 조금 아쉬웠습니다.
교수님께서 질문을 강조하시긴 했지만 가뜩이나 수업도 온라인이다 보니 정말 질문이 많아 질의응답 위주로 수업이 진행되었습니다. 물론 좋은 질문들도 많았지만 살짝 어렵고 지엽적인 질문들도 많아 수업 집중에 어려움이 조금 있었습니다. 교수님 말로는 대부분의 학생의 수준에 맞게 수업을 하신다고는 하셨는데 제가 어려웠던 걸 수도 있지만 수준이 꽤 높았습니다.
저 같은 경우는 조금 쉬운 운영체제 서적을 따로 읽으면서 공부했더니 다행히 이해도 잘 되고 흥미도 가질 수 있었습니다.

출석은 아예 안 하시고 강의도 유튜브에 올려주십니다.
과제는 두번 있고 커널 컴파일을 직접 해보는 과제입니다.
조교님이 설명을 친절히 해주셔서 걱정한 거보다는 어렵지 않게 할 수 있었습니다.

시험은 오픈북이고 매우 창의적이고 응용을 하는 문제가 나옵니다. 외우는 공부는 중요하지 않습니다. 
코로나 때매 학점을 잘 주신건지는 모르겠는데 A는 후하고 A+은 엄청 짰던거 같습니다"
2020,1,"유혁교수님의 운영체제가 좋다는 이야기는 컴과 내에 있으면 자주 들을것이다.
3학년때 유혁교수님께서 안식년이셔서 4학년때 운체를 들은 보람이 있었다.
유튜브 스트리밍으로 진행되었는데, 확실히 집중은 좀 안됐다. 그래도 강의내용 잘 설명해주시고, 모든 질문에 답해주시는 편. 강의 내용은 후반부가 좀 어렵지만 그래도 할만한 편.

리눅스 커널 코딩과제가 2개 있다. 생소한 부분이라 시간을 꽤 잡아먹을 수 있음.
시험은 오픈북이다. 암기식 공부보다는 전체적인 이해를 원하시는 듯.
코로나가 좀 가라앉았을때 실강 병행을 했는데, 한두번 가보고 느낀 것은 실강으로 못들어서 너무 아쉬웠다 정도. 어지간하면 가서 듣는걸 권한다."
2020,1,재수강인데 내용 자체는 암기보다는 이해할 것이 많았습니다. 문제는 과제예요. 학점도 좀 안 주시는 편입니다..
2020,1,"교수님이 설명을 자세하게 해주십니다. 온라인 수업이라 가끔 불편한 점이 없진 않았지만 최대한 학생들이 강의를 듣는데 있어 문제가 없게 하려고 해주셔서 온라인 수업 진행도 괜찮았습니다. 5월 말부터는 오프라인과 온라인 강의를 같이 진행하셨습니다.(오프라인 강의는 선택사항이었습니다)
수업시간마다 간단하게 한 문제에 대해 a4 한 장 이내로 작성하여 제출하는 과제가 가끔씩 있습니다. 배점이 큰 1차과제 2차과제가 있는데 튜토리얼에 어떻게 해야하는지 자세하게 설명이 되어있고 수업시간에 다룬 개념들을 복습하는 내용을 실제로 해보는 과제들이라 생각보다 괜찮았습니다. 시험은 오픈북입니다. 
질문 받는 걸 좋아하시고 질문에 대해 매우 친절하게 알려주십니다."
2020,1,"너무 좋았습니다.
기초가 되는 것들이었어요"
2020,1,"난이도도 무난했고, 깊게 가르쳐주시는 점이 매우 좋았습니다.
학점은 무난하게 주시는데, 에쁠컷이 좀 많이 높더라구요
오픈북이고, 깊게 공부하셔야합니다."
2020,1,학생들 배려해 주시는게 너무나 느껴지는 교수님! 근데 에이쁠 학점은 왜 이렇게 짠건지ㅠㅠ 이번에 코로나 때문에 에이 많이 주신 것 같은데 에이쁠은 과제 만점에 기말 평쁠 30이었는데도 못 받았네요.. 그래도 배운게 많았고 강의력이 정말 훌륭하십니다! 시험은 오픈북이라서 필기 다 뽑아갈 수 있어서 암기라기보다는 응용을 좀 더 필요로 하는 것 같습니다. 기출 꼭 풀어보고 가세요!
2020,1,"과제는 커널 컴파일과 cpu burst 측정 두 개가 나왔고, 구현은 어렵지 않지만 보고서를 작성해야 하기 때문에 시간투자는 어느정도 필요합니다. 시험은 오픈북이지만 응용을 많이 해야하기 때문에 기출을 많이 참고하셔야 합니다. 강의력도 좋으시고 질문도 잘 받아주셔서 이해에 많은 도움이 됐습니다."
2020,1,"공부량 좀 많고, 코딩과제 몇번 있었습니다. 수업을 잘 따라가시면 쉽게 할 수 있습니다."
2020,1,"가장 중요한 내용을 배우는 수업이지만, 가장 집중하기가 어려운, 정신이 어지러운 수업이었다.

교수님은 수업을 진행하시면서 질문을 장려하고, 들어오는 모든 질문을 받아주시며 그에 대한 답변을 해주신다. 하지만 이게 온라인 강의의 폐해인지, 정말 별의별 질문들이 다 들어온다. 강의 내용과 관련없는 질문은 물론이고, 조금 수준이 높은 학우들은 무슨말인지 모를, 조금은 핀트가 어긋난 심화된 질문들을 중간중간 툭툭 던진다. 물론 이게 소규모 정예학습이라면 모르겠지만, 100명의 다양한 수준과 다른 관심분야를 가진 사람들이 존재하기에, 매우 혼돈의 카오스가 아닐 수 없었다. 이게 무슨말이냐면, 수업을 순조롭게 진행하다가 자꾸 내용이 산으로 가고, 수업내용이 여기로 새고 저기로 샌다는 것이다. 개인적으로 온라인 수업은 집중이 잘 안되는 타입인데, 수업의 흐름이 여기저기 요동침과 동시에 이 수업은 정말 집중할래야 집중할 수가 없었다. 그와 더불어, 교수님의 강의력 또한 별로 좋지가 않아서...."
2020,1,"출석 자율인 수업이라 중간에 수업 몇 번 빼먹었더니 진도를 따라갈 수가 없어서 반쯤 포기 상태였고 시험도 전 범위라서 그냥 기출문제랑 수업자료만 뽑아가서 뇌피셜만 오지게 썼는데 학점을 너무 잘 주셔서 감동받았다...
과제 두 번 있었는데 아주 어렵지는 않은 편, 질문도 잘 받아주시고 교수님이 정말 좋으시다"
2020,1,"수업 : 유튜브 실시간 강의
출석 : X
과제 : 프로젝트 2회
시험 : 매우매우 어려움..
운영체제에 전반적인 지식과 수업이외에 여러 공부를 할 수 있게 도와주는 강의"
2020,1,"강의가 유튜브로 진행되는데도 출석부에서 이름을 불러서 발표를 시키셨습니다. 하지만 출석점수가 없어서 발표를 하든 안하든 정답이든 틀리든 큰 상관이 없습니다. 강의력은 정말 좋으세요. 
과제는 2번 있는데 코딩을 많이 해야하는 것은 아니지만 시간이 오래 걸립니다. 시험은 기말 한 번 오픈북이었는데 기출문제 올려주시는 것을 풀어보는 것이 중요한 것 같아요."
2020,1,"컴구랑 논설 안듣고 바로 운영체제를 들었는데, 워낙 설명을 잘해주셔서 따라가기 괜찮았습니다. 물론 초반에는 무슨 말 하시는건지 하나도 이해안갔었는데 계속 따라가다보니 어느 순간 이해가 되더라구요. 과제는 2회 있었고 직접 커널 내 소스코드를 건드려보는 과제였습니다. 과제는 혼자서 해결하기는 조금 어려운 것 같습니다,,친구랑 같이 들으시면서 공부하는거 추천드려요. 시험은 오픈북인데 운영체제에서 배운 개념들을 응용해야 합니다. (ex. 세미포어 개념 활용해서 정부, 질본, 의사가 코로나 확진환자 동선 관리할 수 있는 시스템 어떻게 만들지 설계하라) 시험은 어렵지만, 학점 잘주십니다!"
2020,1,"강의력 괜찮으시고 출석은 수업 도중에 랜덤으로 학생 아무나 불러서 질문하는 방식이었는데, 다들 수업시간에 딴짓하느라 대답하는 사람을 별로 못봄. 시험 오픈북이었는데 완전어려움... 근데 코로나학점이라 그런지 학점은 잘 받았습니다 야호"
2020,1,"운영체제의 세부적인 내용을 알아보고 리눅스 커널 소스를 수정하는 과제를 하면서 커널이 어떻게 구성되는지 아주 조금 맛보는 강의입니다.
교수님이 매우 열정적이셔서 질문을 많이 받아주시고 열심히 답변해주십니다. 운영체제가 워낙 어렵고 여러 분야가 모인만큼 양도 많다 보니 이해하기 어려울 수도 있습니다. 운영체제 쪽에 관심이 있다면 유혁 교수님 수업을 듣는게 도움이 많이 될 것이라고 생각합니다."
2020,1,"그렇게 많은것을 얻어가지는 못했으나 유투브라는 신박한 수업을 드기 했습니다. 수업 하나하나 엄청 길고요 다른 말씀 많이 하시자만 그래도 할만합니다. 
시험이 논술형이라 딱히 공부해도 잘보는건 모르겟어요"
2020,1,"유혁 교수님의 운영체제 수업입니다. 이번 학기는 코로나때문에 유튜브 스트리밍으로 실시간 강의를 진행하셨습니다.
제 학점은 과제 만점, 기말고사 평쁠 32로 A+입니다. (중간고사는 코로나로 취소했습니다)

운영체제의 전반적인 개념에 대해 배울 수 있는 수업이고, 생각보다 각 개념을 깊이있게 배우지는 않습니다. 교수님이 열심히 수업하시고 질문도 잘 받아주시는데, 그렇다보니까 너무 지엽적이거나 수업 내용과 딱히 상관없는 질문들이 많았고 그걸 다 대답해주셔서 수업 진행에 좀 답답한 감이 있었습니다. 전 그래서 학기 초반에는 실시간으로 강의를 들었는데, 교수님이 말도 느리시고 질문 대답해주시는 시간이 너무 길어 뒷부분은 나중에 강의 끝난 이후 올려주시는 링크를 1.75배속으로 질문 부분 넘기면서 들었는데 오히려 더 좋았습니다.

수업은 개념을 잘 설명해주시고, 각 개념간의 연결을 중요하게 말씀하셨는데 모든 개념을 자세히 설명하기에는 시간이 부족해 약간은 추상적이라는 느낌이 들었습니다. 다만 시험도 어차피 추상적으로 설명해도 되기 때문에, 큰 문제는 없었습니다.

시험 문제는 올려주시는 기출문제와 아주 비슷하게 나오는데, 올해 시험은 굉장히 쉬웠습니다. 기출문제를 꼭 풀어보고 해답까지 프린트해서 가시기 바랍니다(오픈북 시험이라서 아무 자료나 가져가도 됩니다). 한가지 팁으로, 세마포어 문제는 항상 나오는데 너무 복잡하게 생각하면 끝없이 헷갈리니 최대한 단순하게 푸시는게 좋습니다.

이번 학기는 학점도 잘 주셨고, 편하게 들으면서 운영체제의 전체적 개념을 알아갈 수 있었던 좋은 수업입니다."
2020,1,"출석체크: 거의 하시지 않는다. 코로나로 인한 싸강때문에 그런지는 몰라도 출석체크는 안하신다고 보면 된다.
난이도: 나는 재수강을 하고 들어서 그런지 그저 그랬지만, 처음 운영체제를 들었을 때는 이해를 거의 하지 못했다. 그래도 유혁 교수님께서 정말 친절하고 자세하게 가르쳐주셔서 어려운 내용이 쉽게 다가올 수 있을 것이다.
학습량: 어려우니까 학습량도 많다.
학점: 과제는 거의 만점을 받고 중간/기말을 합쳐서 봤는데 100점 만점에 77점을 받고 에이제로를 받았다. 딱 적당히 받은 거 같다.
성취감: 아주 크다. 특히 모든 질문에 열려있는 분위기로 마음껏 질문할 수 있다는 점, 그리고 친절하신 교수님의 설명까지 만약 대학원을 간다면 유혁 교수님 밑으로 가고 싶다는 생각을 많이 했다.  

갓혁 유갓 교수님이시다. 고려대 최고 교수님을 뽑으라면 난 당연히 유혁 교수님을 뽑을 것이다. 정말 제발 꼭 한 번만 들어주시길 바란다."
2020,1,"고려대학교 컴퓨터학과의 자랑! 
교수님이 잘 이해 못하는 학생들을 위해서 노력하시면서도,
깊은 주제에 대해서도 생각해볼 여지를 많이 주셔서 좋았습니다.
운영체제 자체가 어려운 과목이다 보니 난이도는 어려웠습니다.
오픈북 시험이긴 한데 난이도가 꽤 있어서 따로 공부하지 않으면 풀기 어렵습니다.
시험은 전체에서 절반정도의 등수였는데 A 주셨습니다.
그리고 무엇보다도 배운게 많아서 성취감을 느낄 수 있는 수업이었습니다."
2020,1,"교수님 강의력 좋고, 유튜브로 모든 강의 올려주셔서 복습하기 편했습니다. 그리고 1차과제,2차 과제 모두 어렵지 않고 보고서 양식을 지키는 것이 중요한 것 같습니다. 그리고 운영체제 책은 굳이 필요한 것 같지도 않고 제공해주시는 피피티로도 충분한 것 같아요."
2020,1,"이미 운영체제에 대한 지식이 어느 정도 있다는 것을 전제로 수업을 진행하시는 것 같았습니다.
이중생이라 컴구 등 하드웨어 쪽 과목에 대한 관심과 지식이 적은 저같은 학생이랑 그닥 맞지않는 수업이었습니다."
2020,1,"제가 이 과목을 너무 대충들어서 솔직히 잘 모르겟습니다.
허나 이 과목을 제대로 들었떠마녀 정말 컴퓨터에 대한 기초적인 베이스가 잘 깔릴 수 있었을 것이다라고 느꼇습니다."
2020,1,"3학년 6전공 기준 가장 많이 배웠던 과목.

교수님이 너무 좋으시고.

질문도 잘받아주시고, 역시 세계적인 석학이시라, 강의력이 넘사

컴과생이면 꼭 들어보길 바라."
2020,1,"출석체크는 안하시지만 출석부보고 학생 두 세명 지목해서 질문하십니다. 온라인 강의만 허용되었을 때는 유투브 실시간 방송하셨고 오프라인 병행 허용되었을 때는 원하는 사람에 한해 홀수/짝수 학번 번갈아가면서 강의실에서 수업하셨습니다. 처음에는 감을 잡지못해 많이 헤맸지만, 실시간 수업 영상을 다시 업로드 해주셔서 그거 다시 보고 복습하면서 따라갔고 중반부터는 재미있게 들었습니다. 교수님께서 질문을 적극적으로 권장하십니다. 
 큰 과제는 리눅스 코드를 읽고 일부 수정하는 과제가 2번 나왔습니다. 과제 자료와 동영상을 보고 혼자 충분히 고민하면 해낼 수 있는 과제들이었습니다. 컴파일에 시간이 많이 걸려서 넉넉하게 시작하는게 좋습니다. 프리데이를 사용할 수 있어서 다른 강의 과제들과 겹치면 일정을 조정할 수있습니다만 사용하지 않아도 충분했습니다. 수업시간에 생각해볼만한 질문이 들어오거나 직접 확인해보면 좋은 것들을 작은 과제로 자주 내주셨고 이건 점수에 안 들어간다고 하셨습니다(학기말에는 넣을까 고민한다고 하셔서 정확히는 모르겠습니다).
 시험은 오픈북이고 마음대로 자료를 챙겨갈 수있습니다. 하지만 시험문제가 난해하서 자료를 많이 챙겨가도 도움이 되었는지는 잘 모르겠습니다. 평소에 성실히 수업듣고 필기한 것만 가져가도 충분했다고 생각합니다. 학점은 예상과 비슷하게 나왔습니다."
2020,1,"운영체제를 그냥저냥 배웁니다. 교수님이 소통을 중요시하는 성격이시라 대면강의가 제대로 이루어졌다면 재미있었겠지만 유튜브 스트리밍으로 진행하다 보니 집중이 조금 안 되더군요ㅠㅠ

사실 강의내용 자체는 타 학교 컴공들의 운영체제 강의보다 쉬우면 쉬웠지 어려울 게 없는 내용이었던 것 같습니다. pintOS 같은 걸 직접 만드는 것도 아니고, 커널코드만 두어 번 만져보면 학기가 끝나거든요.
그래서 성취감이 높다고 얘기할 수는 없지만, 배워야 할 만한 건 거의 다 배웁니다.

강의 내용과는 별개로 시험 스타일만큼은 개인적으로 매우 좋았습니다. 단순히 배운 내용을 암기하여 나열하는 식이 아닌, 실제로 일어날 법한 상황에서 운영체제의 관점에서 어떻게 문제를 해결할지를 평가하는 방식이었습니다.

이번에는 학점도 대체적으로 잘 주셨습니다. 다만 A는 흔한데 A+은 그리 많지 않게 주신 것 같았습니다.

전체적으로 무난하면서도 들을만한 강의였습니다."
2020,1,"출석체크는 안하시지만 출석부를 따라서 매 시간마다 몇명씩 부르시며 질문을 하신다
과제는 2개 있고 시간은 오래 걸리지만 과제 자체로 어렵지는 않다
온라인으로 진행되다가 중간부터 온/오프라인 병행을 하셨고, 원칙상 홀수,짝수 학번이 번갈아가면서 출석을 하도록 하셨지만 바빠지는 학기말이 되면 10명도 채 나오지 않는다
수업은 학생들이 생각을 할 수 있도록 계속 질문을 하시는데 호불호가 갈릴 수 있다고 생각한다
뭘 좀 아는 사람이 들으면 생각을 할 수 있겠지만 아무것도 모르는 사람이 들으면 뭐 알려준것도 없으면서 생각부터 하라는것으로 들려 힘들 수 있다
시험은 중간고사는 치르지 못하고 기말고사만 봤는데, 오픈북이긴 해서 개념을 외우는 수고는 하지 않아도 되지만 개념을 안다고 해서 풀 수 있다는 것은 아니다
학점은 잘 주시는 편인듯싶다"
2020,1,교수님께서 질문을 적극적으로 받아주시고 열정적으로 가르쳐주셔서 수업은 그럭저럭 따라갔습니다. 그러나 과제가 시간이 매우 오래걸리고 컴퓨터가 느려서 스트레스를 많이 받았었습니다. 그래도 포기하지 않으면 보통은 주시는 것같습니다.
2020,1,유튜브 강의로 하셨는데 음향에 문제가 좀 있었는데 수업 내용은 나쁘지 않았어요. 에이쁠 컷은 좀 높은거 같은데 에이 컷은 좀 후한편이라 기출만 풀정도면 에이는 무난하게 받는것 같아요
2020,1,코로나 버프를 받아서 학점을 잘 받을 수 있었다. 풀 오픈북이어서 공부를 하나도 하지 않았는데 책이 있다고 풀 수 있는 건 아니더라. 그래서 대충 아무거나 찌끄렸는데 학점은 잘 주셔서 감동이었다.
2020,1,"실시간 강의로 진행되었습니다.
교수님의 강의력은 훌륭하십니다.
시험은 수업자료를 전부 출력해서 가져갈 수 있었습니다. 그만큼 외워서 풀 수 있는 문제는 없었습니다.
평균의 조금 위 + 과제에서 소폭 감점으로 B+을 받았습니다."
2020,1,"교수님께서 정말 열심히 가르쳐 주시고, 학생들의 편의도 봐주시려고 하십니다. 과제는 생각보다 쉽게 할 수 있는데, 자잘한 과제를 많이 내주십니다. 또 교수님께서 열심히 설명해 주시지만, 전달력이 좋은 느낌은 아니라 집중하기가 어려웠습니다. 학점은 괜찮게 주시는것 같습니다. 시험은 기말에 전범위로 쳐서 양이 많았습니다."
2020,1,"강의가 두루뭉술합니다
실습도 간단합니다

남는게 없는 느낌이라 아쉽습니다"
2020,1,"ppt만 보면 할만한 것 같지만 학습량이 많습니다.
그냥 달달달 외워야 하는 것은 물론 기출을 통한 이해와 응용도 동반합니다.
아는 거 있으면 무조건 다 쓰시길 바랍니다.
디테일한거 놓치면 바로 깎이므로 그냥 알고 있는거 다 쓰시길..."
2020,1,"솔직히 기대이하 였습니다. 일단 시험이 굉장히 불만인게 공부를 열심히 했는지를 테스트 하는 시험이 아니라 좀 불합리 하다고 느껴졌브니다.

과제만점 시험 평쁠 18 점 정도고 A 받았습니다."
2020,1,교수님이 엄청 친절하시고 질문 잘 받는 편입니다. 과제는 그렇게 어렵지는 않습니다. 하지만 시간이 좀 필요하는 편입니다. 시간 조절이 잘 해야합니다. 중간 시험은 없어고 기말 봤습니다. 수업 잘따라 갔으면 어렵지는 않을 것 같아요.
2019,1,"수업시간에 배운거 그냥 달달 외워서 시험보면 무슨 의미가 있냐!

라고 하시며 이전 기출문제들을 꼭 풀어보라 하셔서 풀어봤는데 뇌세포가 자폭하는 기분이었습니다


이걸 배운다음
이걸 풀라구요?
제가요?


대충 이런느낌인데 답안지보니까 어떻게 시험에 임해야하는지 감은 잡힘

배운 내용들을 유기적으로 연결시켜서 시험문제가 요구하는 결과에 다다를수 있게 논리적으로 설명하는 방식의 시험이 나온다. 지금까지 '문법 외워서 손코딩하세요~' 식의 시험보듯이 준비했다간 빠르게 백지+금메달 따서 탈주할수 있고, 이전 문제들의 모범답안에서 이렇게이렇게 풀어야 하는구나 를 최대한 파악해 놓아야 한다.

'이렇게 풀어야 하는구나'를 파악해서 아무말을 저기에 맞게 써두면 교수님이 '노력이 가상하군'하면서 점수를 꽤 챙겨주신다. 시간이 남으면 아무말 더 할 시간에 손코딩 보완하는게 맞다

손코딩 문제도 나오긴 하는데 수도코드로 슥삭하면서 원하는 요구사항을 맞추면 되고, 시험도 오픈북이라 진짜로 뭘 외울 생각은 안해도 된다.

근데 시험장에서 공부해야지! 하면 시간 부족해서 한문제쯤 못푼다 한문제어치는 공부를 해서 가는게 좋다


+프로젝트는 코딩은 전혀 부담이 없었다. 2차프로젝트 코딩 단 3줄"
2019,1,"명강으로 유명한 유혁 교수님의 운영체제 강의입니다. 출석체크가 전혀 없고 모든 강의가 유튜브에 올라가는 파격적인 조건에도 앞자리 경쟁이 치열한 것이 교수님의 강의력을 보여줍니다.
수업내용은 운영체제의 기본적인 내용을 다루므로 그리 어렵지 않습니다. 하지만 시험이 오픈북 테스트인 만큼 몇몇 문제는 강의자료만 찾아봐도 답을 낼 수 있지만 나머지 문제는 매우 어렵게 나옵니다. 그래서 시험결과가 평균점수대에 비슷한 사람들이 매우매우 많기때문에 학점을 위해서는 과제점수가 중요합니다. 
과제는 두차례의 텀프로젝트가 있는데 이번학기는 방법만 알면 아주 쉽게 할 수 있게 나왔습니다. 하지만 의외로 감점을 많이하기때문에 보고서를 되는 한 상세하게 적는것이 좋을 것입니다.

학점을 받으며 느낀점은 강의 특성상 확실한 실력이 있으면 높은학점을 받겠지만 나머지 대부분의 학생들은 시험 당일날 운에 많이 갈리는 것 같습니다. 전 다행히 운이 좋은편이였습니다 ㅎㅎ..."
2019,1,"수업은 어렵지마는 교수님이 자상하시고 상세히 가르쳐주십니다

과제는 크게 둘이 있고 중간기말 지분만큼 됩니다"
2019,1,정보대 명강의라는 명성에 걸맞는 수업이었습니다. 어려울 수 있는 내용을 잘 설명해주시고 유튜브에 동영상도 올라와서 학습하기에 최고의 환경이었던 것 같습니다.
2019,1,"항상 유튜브로 강의를 따로 올려주셔서 굉장히 편했고, 과제도 적당했습니다."
2019,1,"교수님이 정말 잘 가르치시지만 내용이 어려워서인지 수업을 열심히 듣지 않으면 따라가기가 힘듭니다.
시험은 오픈북으로 나오는데 기출문제를 보면 한 30 ~ 40점 정도는 먹고 들어갈 수 있게 비슷한 문제가 또 나오기 때문에 기출문제를 시험시간에 뽑아가는 것을 추천합니다. 이외의 어려운 문제는 공부열심히 헀다면 솔직히 운으로 부분점수를 노릴수 있고 다맞는건 불가능 합니다."
2019,1,"대학 다니면서 정말 대학 수업 같은 강의 들은 거 정말 오랜만입니다. 꼭 들으세요. 배운거 기반으로 응용 문제로 시험 보는 거라 족보 외우는 거랑은 많이 다른데, 어려운 만큼 얻어 가는 것도 많습니당"
2019,1,아주 좋습니다 학점도 잘주시고 강의력도 엄청나심
2019,1,"대학 와서 들었던 강의 중에 제일 대학교 수업 다웠던 수업이었습니다. 
출석은 한 번도 하지 않으시며 플립 러닝 형식과 굉장히 유사한 강의입니다. 
모든 강의 내용은 매시간 수업 직후 유튜브에 올려주시며 수업 시간에는 학생들의 적극적인 참여를 원하십니다. 
시험의 형식은 오픈 북으로 아무리 많은 자료를 가지고 와도 쉽게 풀 수 있는 문제는 하나도 없으며
대부분의 문제들은 창의성과 사고력을 요하는 깊은 문제들입니다. 
평균이 모든 시험이 평균이 40점이라는 것을 감안한다면 그 난이도를 체감하실 수 있습니다. 


전반적으로 강의 내용은 운영체제의 역사 및 개념, CPU 스케줄링, 동기화, 메모리 어 로케이션을 위한 페이징 기법 등을 배우시게 됩니다. 

텀이 프로젝트는 예전에 비해 훨씬 더 쉬워졌으며 조금만 시간을 들여 투자한다면 금방 끝내실 수 있을 정도의 난이도입니다."
2019,1,"유튜브 유혁TV 좋아요 구독 댓글 알림설정까지 했지만 학점은 짰습니다.
출석 안해도 유튜브만 봐도 수업 참여라니 저같은 방구석 유튜브 폐인한테는 정말 좋은 수업이었습니다.

과제 재밌었고 수업도 재밌었습니다.
학점이 짜긴 한데, 운영체제에 학점을 기대 안하는게..

기출문제 공부하는것도 재밌었고 시험 문제 푸는것도 재밌었어요. 
과제 점수 저도 잘 못 받았는데요, 이게 채점 기준이 있다고 하니 그 기준에 최대한 잘 쓰는걸 연습하시면
과제 점수를 잘 받을 수 있지 않을까 싶습니다."
2019,1,"운영체제 그 자체라는 생각이 드는 교수님이십니다. 다만 시험 난이도가 극헬이고, 수업 시간에 이상한 질문을 하는 사람들이 너무 많아요."
2019,1,"교수님이 정말정말 학생을 많이 생각하시는게 느껴지는 강의였습니다.
여러 창구를 통해서 질문을 받고, 수업시간에도 계속 질문을 유도하시는 모습이 좋았습니다.
그리고 수업을 녹화해서 유튜브에 올려주시는데 공부하는데 큰 도움이 되었습니다.
텀프가 2번있었는데 조교님들을 잘 따라가면 크게 어렵지 않은 과제들이었습니다."
2019,1,컴퓨터학을 전공한다면 반드시 수강해야하고 또 수강해야만 한다고 생각하는 과목입니다. 개인적으로 전공필수 과목 교수님들은 다 명강이라고 생각하는데 운영체제를 가르쳐주신 유혁교수님 또한 교육자에 걸맞은 분이라고 느낄 수 있었습니다. 시험은 논술형이기에 아는 것을 응용하여 최대한 답변을 작성해내야 합니다. 그게 참... 말로는 쉬운데 그래서 공부하기에 제일 까다롭다고 느꼈습니다. 하지만 한학기 충분한 시간을 투자할 가치가 있는 내용이며 또한 수업도 그렇습니다.
2019,1,"커널로 실습해보면서 운영체제에 대해 배우는 수업입니다. 다만 과제가 구체적이면서 추상적인 면이 있어 핵심만 파악하면 어렵지 않다고 느꼈습니다. 파고들면 파고들수록 어렵지만, 겉만 훑는다면 이것만큼 편한 전공필수는 없다고 생각합니다. 시험도 큰 틀에서 내시고, 오픈북이라 따라가기는 쉬우며, 욕심만 낸다면 배울 것은 많은 수업입니다. 출석은 가끔 이름을 부르시면서 질문하셔서 가끔한다고 체크했습니다만 점수 비중은 잘 모르겠네요."
2019,1,"유혁교수님의 운영체제 수업입니다.

수업을 상당히 유쾌하게 진행하시고 내용도 이해하기도 쉽습니다.

운영체제에 대한 전반적인 이해를 목표로하고 있습니다.

시험 두번과 몇번의 과제가 나오는데 과제의 비중이 상당히 높습니다.

별거 아닌것 같지만 과제도 꼼꼼히하여 점수 까이지 않도록 하는것이 중요한 것 같습니다.

시험 방식은 다소 불만이 많았습니다.

수업을 온전히 다 이해해도 그 이상의 내용을 요구하시기 때문에 운영체제 고수가 아닌이상 고득점을 하기는 어렵습니다.

고득점을 하지 않아도 높은 등수를 얻을 있습니다.

에이쁠은 조금 짜게 주시는 것 같습니다."
2019,1,교수님의 강의력도 괜찮았고 배우는 것도 많은 강의였다. 유투브에 강의한 것도 동영상으로 올려주셔서 모르는 부분이 있을 때 찾아볼 수 있는 것도 좋았다. 중간 기말에 과제가 하나씩 나오는데 그렇게 어려운 과제는 아니였다. 다만 시험이 오픈북인데 좀 어려운 편이었다.
2019,1,"음 저는 잘 와닿지 않았던 과목같습니다. 
자세한 메카니즘을 몰라 답답했던 개념들을 컴시설에서 많이 풀었던것같습니다. 
다만 학점 정말 잘 주십니다. 
아 그리고 기출보셔도 큰 도움은 못될겁니다. 
과제 잘 내시고 시험 평균정도만 나와도 A나오실겁니다.
운영체제 관련해서 인터넷에 강의조금 있는데 미리 듣고 가시면 훨씬 이해가 잘 될겁니다. 
화이팅!"
2019,1,"프로결석러인데 이 수업은 열심히 갔습니다. 일단 교수님이 너무 멋있고 강의력도 좋으십니다. 매 수업마다 탄산음료를 세 캔씩 들고 오시는데, 좋은 질문을 하거나 교수님 질문에 답변을 하거나 하면 하나씩 주십니다. 종강 전까지 하나 받아보는 걸 목표로 하면 성취감이 쭉쭉 올라요. 
시험은 굉장히 어렵습니다ㅠㅠ 오픈북 오픈노트인데도 풀기가 힘들어요 ㅎㅎ 공부를 제대로 생각하면서 하면 그래도 점수가 잘 나오는 편입니다."
2019,1,"전반적으로 운영체제 배울수 있는 좋은 강의입니다
시험은 기말고사 한번 봤고 프로젝트 비중이 높습니다"
2019,1,"교수님께서 강의 내용 자체는 추상적으로 설명하시지만, 학생들과의 질의 응답을 세심하고 자세하게 해주시는 스타일입니다.
운영체제를 탐구해서 공부해보고싶고, 평소 질문을 많이 하시는 분이라면 강의 분위기에 매우 만족하실 것 같습니다. 저는 그런 스타일은 아니라서 많이 힘들었습니다.
강의 내용을 항상 유튜브에 올려주셨는데, 공부 할 때 도움이 많이 됐습니다.
시험은 오픈북이고, 난이도는 매우 어려웠습니다."
2019,1,"처음에는 이게무슨내용인가하지만 마지막까지잘들으시면 정말 유익한내용많이배웠구나싶네요
과제점수가생각보다큰거같아요 중간고사 완전망햇는데도 과제잘해서 비쁠주신거보면.. 과제열심히하세요"
2019,1,"운영체제라는 과목자체가 매우 어려운 것 같습니다.
교수님께서 쉽게 가르쳐 주시려고 노력을 하십니다.

수업 중간중간에 나오는 질문들이 수업보다 난이도가 높은 경우가 있습니다.
질문들로 하여금 본인이 생각할 수 있는 영역이 넓어진다면 좋을 것 같습니다.
그러나 그렇지 못한, 수업의 방향성과 약간은 동떨어진 질문때문에 더 어려운 수업이
될 수 있으니, 수업의 흐름을 잘 파악하여 질문들을 구별해 낼 줄 알아야 할 것 같습니다.

교수님께서 질문을 자주 하라고 하십니다. 
질문을 평소에 자주해서 잘 이해해야, 뒤로 갈 수록 어려워져도 버틸 수 있는 것 같습니다.

시험은 암기보다는 이해가 중요합니다. 이해를 바탕으로 직관력을 키우고, 
암기해야할 부분들은 출력해가면 중간고사 또는 기말고사는 충분히 대비할 수 있을 것 같습니다.

과제의 비중이 상당히 높은 편이기 때문에 과제를 잘 수행하는 것도 매우 중요할 것 같습니다.
시험보다 점수를 받기 쉽습니다. 이번학기의 과제는 말로 들었던 기존의 과제보다는 쉬웠습니다.

유튜브에 강의를 올려주시지만, 과목 특성상 제 때 이해하는 것이 중요한 것 같습니다.
강의를 제 때 잘 들어도 유튜브로 다시 보게 될 겁니다."
2019,1,"운영체제를 배우는 과목입니다.
컴퓨터가 효율적으로 작동되는 방법을 배웁니다.
좋은 강의입니다."
2019,1,"학생들의 질문이 활발한 편이었고 교수님은 그에 대해 답을 확실히 내주셨습니다.
그러나 시험이 논술형식으로 어려워서 중간고사 이후 학생들의 수업참여율이 많이 줄어들었습니다.
그래도 이번엔 기출과 거의 비슷하게 나와서 제 입장에선 도전할만하다고 느꼈습니다.
교수님이 학생들의 참여를 이끌어내려고 음료수를 사오셔서 질문에 대답하거나 좋은 질문을 한 학생에서 음료수를 주십니다.
과제도 누구나 할 수 있는 과제였고, 수업 외적인 지식을 거의 다 알려주셔서 보다 효율적으로 핵심에 다가갈 수 있었습니다. 1차가 system call을 추가하는 과제였고 2차는 cpu burst를 측정하는 과제였습니다. 과제는 쉬웠지만 알 수 없는 부분에서 점수가 깎였다는 사람이 꽤 있었습니다.
학점은 후하진 않은 것 같습니다. A+을 받을 수 있을 것 같다는 생각이 드는 점수를 받았는데 A 받았습니다."
2019,1,"수업은 정말 재미있고 교수님이 쉽게 쉽게 가르쳐주세요!
그런데 시험이 오픈북이라,, 그 말인 즉슨 시험은 어려워요ㅠㅜ 
원리를 알려주니깐 너네가 응용해서 이 정도는 풀 수 있지!의 느낌인데
사실 운영체제에 대한 이해도도 높아지고 명강이라 저는 추천이요!"
2019,1,"교수님께서 열의를 가지고 수업하셨고, 학생들의 참여를 많이 유도하십니다. 많은 것을 배울 수 있었던 수업이었습니다. 과제도 크게 힘이 들지 않았던 것이 조금 의외로 느껴졌습니다.

시험은 지난 시험들의 경향을 따라가는 느낌이었습니다. 개인적으로 시험 스타일은 그다지 맞지 않았으니 기출문제를 한번 쯤 보시는 편이 좋을 것 같습니다."
2019,1,진짜 제대로 운영체제를 배운 기분입니다. 사실 제대로 이해한것 같진않지만....ㅎㅎ
2019,1,"글쎄요....
교수님 친절하신데 수업도 쉽게 쉽게 가르쳐주셨지만 어려워요 ㅠㅠ 
시험 50 과제 50인데 과제는 따로 시간 잡아서 조교님들 설명해주는데 
피피타에 있는 그대로 읽어주심.... 게다가 태도 논란 등 문제 있어서 잘 선택하시길 바래요ㅠ
시험은 오픈북이고 기출문제까지 뽑아서 가는 거 답입니다 ;;"
2019,1,수업을 녹화해주시고 제공해주십니다. 그때문에 수업에 꼭 안들어가도 된다는 생각을 심어주는게 단점인듯 합니다.
2019,1,"유혁교수님 운영체제 엄청 재밌게 잘 가르쳐주세요 ㅎㅎ
부담없이 들을 수 있는 과목입니다.
시험은 오픈북이라 전에 나온 기출 출력해서 가면 됩니다.
실습 전 개념을 중요시 하셔서 개념 위주로 많이 다뤄요!"
2019,1,수업은 정말 잘하시는데 시험이 어렵고 학점을 잘 받기가 어려웠어요.ㅠㅠ
2019,1,"정말 어려웠어요
과제는 할만 했는데
시험이 너무 어려웠어요.
아무리 공부해도 시험이 정말 어렵..."
2019,1,"안녕하세요. Computer Science 3학년들.
나는 이번 학기 A를 받은 Island Teacher이다. 수업 그다지 not good 이다.
그의 명성 대단했다. 나는 dokidoki 했으나 굉장히 disappointed.
수업에서 teaches 걷기 하지만 시험은 back 덤블링을 요구.
open book의 의미가 no no
두 번의 term project가 발생해요? 리눅스를 안다면 so so"
2019,1,어렵지 않은 내용인데 과제가 너무 어렵습니다. 사실 내용도 어려워요. 하지만 성취감은 꽤 있어요
2019,1,"교수님이 유튜브를 시작하셨다. 
강의는 모두 유튜브에 올라오기때문에 수업을 안가도된다 
시험은 어차피 공부하나 안하나 못푼다...."
2019,1,"정말 많은 면에서 좋은 수업이다. 학생 편의를 위해 수업을 아예 촬영하여 유튜브에 올리시고, 학생들이 질문하는 것을 반기신다. 허나, A+이 꼭 필요하고, 거기에다 족보를 들고 있는 선배와 친하지 않다면 이 수업은 정말 비추다. 시험이 완전한 오픈북 형식으로 진행되는데 6-7년 전 족보와 비슷하게 시험문제가 나온다는 이야기가 있다. 하지만 그렇게 열심히 베낀다고 해도 시험을 잘보냐 하면 꼭 그렇지도 않다. 나름 합리적인 채점 기준을 세워 채점하시겠지만 여러분들이 친구와 자신의 시험점수를 볼 때 '선풍기로 채점하신게 아닐까?'라는 생각은 항상 들 수 있다. 수업 자체는 명강이니 좋은 학점 챙기겠다는 생각보다는 열심히 배워가겠다라는 생각을 가진 분들에게 추천이다."
2019,1,"개인적으로 유혁 교수님의 강의를 듣고 매우 만족했습니다. 자유롭게 질문을 할수있도록 분위기를 만들어주셨고, 질문을 하도록 격려하기 위해서 질문하거나 좋은 답을 한 학생들에게는 음료수를 주셨습니다. 저 또한 그 음료수를 받기 위해 열심히 질문을 쥐어짰습니다. ㅎㅎㅎ 아 물론 질문을 했다고 따로 가산점이 있는 것은 아니며, 질문을 받으시면 더 자세히 깊게 설명해주시려고 노력하셨습니다. 운영체제 내용을 흥미롭게 알려주셨으며, 강의력은 시간가는지 모를정도로 몰입력이 있습니다만 시험은 수업과 별개입니다. 꼭 기출을 풀어보세요. 오픈북테스트인데는 다 이유가 있습니다. 저는 중간에 수업내용을 다 정리하고 별개로 더 찾고 공부해서 가져갔지만 시험문제를 바라만 보고 왔습니다. 기출보면 아시겠지만 수업내용과 시험문제는 큰 연관성을 찾기 힘들며, 수업내용이 이론을 다루고 있다면 시험 문제는 바로 응용을 하라고 합니다만 이 둘 사이의 갭이 너무 커서 따라잡기 힘듭니다. 꼭 기출 푸세요! 저는 중간고사에서 데이고 기말은 가볍게 훑고 정리한 후 기출 정리해서 가져갔는데 오히려 기말의 점수가 높아서 나쁘지 않은 점수 받고 마무리했습니다. 
과제는 그리 어렵지 않으며, 다만 시간이 엄청 걸려요. 가상머신 사용하실텐데 조교님이 따로 시간내서 설명 해주십니다. 커널 컴파일하는데 시간이 오래걸려서 과제가 제대로 되었는지 확인하려다가 한세월걸릴수도 있으니 과제는 미리미리, 그리고 자주 스냅샷찍어서 저장해둡시다."
2019,1,"운영체제 중 프로세스와 메모리에 관련한 수업입니다.
유튜브 수업도 있습니다.

학점도 잘주시고 엄청 천천히 쉽게 진행합니다."
2019,1,"참여형 수업을 좋아하신다면 이 수업을 듣는 것을 추천해요.
전 개인적으로 질문도 많이 하고 다른 학우 분들의 질문도 들으면서 생각하는 힘을 기를 수 있어 좋았습니다.

덧붙여 교수님께서 운영체제 뿐만 아니라 다른 지식들도 많이 전수 해주셔서 운영체제와 그 곁을 두르고 있는 구조들에 대해 이해하기는 좋았습니다."
2019,1,운영체제 수업 갓.... 유투브로도 강의를 올려주시고 시험도 오픈북이라 공부하기에도 편하고 무엇보다 교수님이 수업을 굉장히 재밌게 하셔서 좋았어요
2019,1,"교수님의 설명보다는 학생들이 스스로 생각하기를 원하시기 때문에 저랑은 조금 안맞았어요.
공부 하나도 안하고 시험 쳐도 오픈북이라서 보통은 할 수 있고 과제도 2개 밖에 나오는데 굉장히 쉬움(시간은 컴파일 때문에 오래걸림)"
2019,1,운영체제는 철학이다. 정답 없고 생각하는 대로 문제를 풀어라. 하지만 사실 정답이 있느....
2019,1,교수님이 굉장히 성심성의껏 강의를 하십니다. 오픈북 시험은 예년에 비해 풀만한 수준이긴 했는데 시간이 굉장히 부족합니다. 배운 건 많지만 학점을 그렇게 잘 주시진 않는 것 같습니다.
2019,1,"컴퓨터학과의 수업의 꽃이라고 할 수 있습니다.
많이 공부하게될테고 많이 얻어갈것입니다.
프로젝트는 시스템콜 함수 추가, CPU Frequency 측정하는 것이었습니다.
집단지성 이용해서 빠르게 해결하도록 하고, 공부 틈틈이 하는게 좋습니다.
오픈북이지만 공부를 해야하는 정말 중요한 과목!"
2019,1,배우는 것들이 많아서 좋았습니다. 좀 어려워요 ㅠ
2019,1,"컴퓨터학과에서 운영체제를 듣는다면 유혁교수님을 추천드립니다.
몹시 자비로운 교수님..
자비로 유투브 유혁TV를 운영하시어 학생들에게 너른 은혜를 뿌려주십니다.
정말 좋은 교수님!"
2019,1,"시험문제를 잘 풀기 위해서는 배운 내용들에 대한 깊고 복합적인 이해가 필요한 것 같다.
과제 난이도는 무난했다."
2019,1,수업 내용은 수업을 열심히 들으면 많이 어렵지는 않다. 다만 교수님의 시험 방식이 논술형 오픈북이라 공부를 깊이 있게 해야 성적을 잘 받을 수 있다.
2019,1,"텀프 2개에 컴퓨터 시스템의 전반을 다루다보니 공부량이 많아요
오픈북 시험으로 진행됩니다"
2019,1,"강의력도 좋으시고, 배울 수 있는 것이 많아 좋았다.
1차과제 2차과제 중간 기말이 평가 항목인데
각 과제는 제대로 제출하기만 해도 만점을 주는 듯 하다.
중간, 기말은 모두 오픈북으로 이루어진다.(오픈북이어도 못푼다는 소리)
그래도 점수는 최대한 잘 주시려고 하시는 듯 하고,
과제 총점이 50점이기 때문에 과제를 제대로 내는 것이 중요한 듯."
2019,1,"오픈북이라 학습량이 절대적으로 많진 않습니다. 
그냥 이 과목이랑 잘 맞는 사람, 이 교수님의 시험 스타일이랑 잘 맞는 사람이면잘 따라가실 수 있을거예요.
저는 너무 어려웠습니다."
2019,1,저는 개인적으로 시험이 어려웠네요. 배우는 내용 자체가 어렵다기보단 시험 점수 받는 게 어려웠어요. 교수님은 열정적이고 좋으십니다.
2019,1,"중간고사 이전까지는 그냥 CPU 스케쥴링만 배웁니다. 기말고사부터는 페이징기법 등 여러가지를 더 배우는데, 운영체제 책의 후반부 챕터는 아예 안 나갑니다.

텀프로젝트는 코드 치팅을 막으려고 하지 않았고(코드를 책에다 프린트해가야해서 눈으로 대조한다고 하십니다. 그냥 대조할 생각이 없는 거) 중간/기말고사는 족보에서 그냥 그대로 나옵니다. 이런 거 좋아하는 분들은 바로 수강신청하시면 됩니다."
2017,1,"유혁 교수님은 진짜 올라운드 플레이어세요.
가르치는 것도 잘 가르치시고, 매너도 어찌나 좋으신지+.+
당신의 교육 철학이 확고히 서 있고, 이에 따라서 학생들에게 친절하게 가르쳐주시니
수업에 들어가는 것만으로도 기분이 좋아요.
지난 학기 컴구 모 교수와는 그야말로 하늘과 땅 차이.
교수님 한 명이 학습율에 얼마나 큰 영향을 주는지 체감할 수 있었습니다."
2017,1,운영체제 배우기가 어려운데 잘 설명해주십니다.
2017,1,"제일 많이 배울 수 있는 과목이었고 열정적인 강의 덕분에 뜻깊은 학기를 보낼 수 있었습니다.

참고로 시험은 기초지식에서 생각하는 문제로 나오고

텀프로젝트는 Linux Kernel을 직접 코딩하고 컴파일 하여 변화를 확인하는 것입니다."
2017,1,"유혁 교수님의 운영체제입니다.
매번 강의를 통해서 뭔가 틀려보고 실패를 해보라고 하지만 정작 틀리면 학점 낮게 주시는거 다 압니다. 흘려들으세요.

시험은 어차피 다들 못 쓰게 나오기 때문에 상당히 많은 아무말 대잔치를 요구합니다. 부분점수 줄만한거 다 쓰세요.

사실 이렇게 말하지만 들을건 이거밖에 없습니다. ㅇㅎㅊ 교수님 운영체제는 족보 있거든요."
2017,1,"과제 많고 시험 어려워요                            
학점은 잘 주시는 것 같고 성취감도 있어요"
2017,1,중간고사까지는 참 재밌었는데 기말부분 하실때는 교수님도 정신없이 달리시고 약간 버벅이는 느낌. 오픈북 시험이지만  풀기 어려운 문제들이 나온다. 가끔 교수님이 여시는 피자파티는 학부생들이 좋아할 만 하지만.. 글쎄 점점 흥미가 떨어져서 기말때는 거의 공부를 안하고 시험을 보게 되었다. 교수님 수업 방식도 좋았고 (이해 위주) 질문도 좋은 질문이 많아서 도움이 되었으나 좋았다고 말하기에는 어딘가 걸리는 과목.
2017,1,"프로젝트가 1,2,3차 있는데 마지막이 어렵긴하지만 도움이 많이 됩니다. 그리고 교수님이 기본 학점 b+주십니다. 그리고 대학와서 들은 최고의 강의였습니다. 그냥 개념을 받아들이는것에 그치지않고 학생들이 토론을 하여 더 심화된 개념을 익히도록 도와주셨습니다."
2017,1,수업방식이 매우 독특합니다. 교수님께서 학생들과 소통을 하면서 수업하시기를 원하고 그런 분위기가 정착이 되면 학기말에 나도 모르게 교수님께 질문을 날리는 모습을 볼 수 있습니다. 과제 점수 배점이 큽니다. 3차에 걸쳐 과제가 나오는데 1차 과제라고 대충하거나 안하면 3차때 매우매우 고생할 수 있으니 잘 준비하시길 바랍니다. 실제로 3차 과제하는데 3주 시간 다 쓰고 막판에 노트북 부수고 싶었지만 결과물이 나오니 그만큼 성취감도 컸습니다. 시험은 오픈북테스트지만 의미가 없는 오픈북 테스트 입니다. 마치 수능 수학에 교과서를 들고 시험봐도 차이가 없는것 처럼.... 교수님 강의력도 매우 좋았고 얻는것도 많았던 수업이었습니다. 저는 중간 기말 둘다 평균/평균보다 조금 못봤지만 과제를 다 해서 그런지 B+ 받았습니다. 과제를 열심히 합시다..
2017,1,"진짜 학습량 많은 과목이다. 
다른 과목의 2배정도 되는 듯

수업은 좋았다.
1,2,3차 과제가 있는데, 빡세지만 성취감은 있었다. 

수업과 질문 비율도 적당했던듯!
전반적으로 많이 빡세지만 들으면 나쁘지는 않다. 

3차과제가 정말 중요하다. 기말고사나 중간고사보다 비중이 높다.

아마도 총점 80점에서 A와 A+이 갈렸던거 같다."
2017,1,"어렵다고 소문난 텀프로젝트는 많이 쉬워졌고,
시험은 꽤 어렵긴 합니다. 기출문제 뽑아가시면 비슷한문제들이 나오니까 보고 쓰시면 됩니다."
2017,1,"운영체제에는 3개의 텀프로젝트가 있습니다.
매번 적지 않은 기간을 주시지만, 미리미리 하는게 이로울겁니다.
그리고 수업하는 교수님 목소리를 녹음해서 파일을 올려주시는데, 자기전에 들으면 불면증 치료에 좋습니다."
2017,1,아주 어려운 내용은 아니지만 마지막 프로젝트가 어려웠고(꽤 많은 시간을 미리 투자하는게 좋음) 시험은 대체 뭐가 나올지 알 수가 없어서 어덯게 공부해야할지 모르겠따
2017,1,"가르쳐주시는 것도 많은데 학습량이 많은 것이 개인적으로는 감당이 잘 안되었습니다.

과목도 어렵고 내용도 어려운데 과제도 어렵습니다. 물론 성취도 크겠지만 감당하지 못하면 저처럼 낙오될 수도 있습니다.

시험이 굉장히 난해합니다. 저처럼 평범한 학생은 도중에 좌절할 수도 있지만 컴퓨터가 좋고 이 방면 공무가 좋은 학생들은 이 수업이 큰 도움이 될 것입니다."
2017,1,"배워가는게 많은 수업이었습니다. 
교수님께서도 질문을 많이 하시고, 질문/답변으로 수업시간의 1/3~반정도는 보내십니다.
질문에 답변하거나 시험 답을 쓰려면 배운 내용을 가지고 스스로 생각해봐야 하기 때문에 이런 걸 싫어하신다면 추천하지는 않습니다. 다만 저는 좋았습니다. 
출석체크는 안하시고, 강의 녹음파일과 자료를 블랙보드에 올려주십니다."
2017,1,이번 학기 중간고사 이후로 거의 안나가서 학점은 망해버렸네요... 출첵 안하시고 녹음 파일까지 올려주시고 중간 기말고사 오픈북에 텀프 3개정도 있는데 다들 잘하십니다. 열심히 들을껄 그랬네요
2017,1,시험이 오픈북테스트라서 피피티를 봐도 모르는 문제가 나옵니다. 근데 다들 열심히 하셔서 평균은 50점 언저리예요. 과제가 3개인데 3차 과제가 좀 많이 어렵습니다. 그래도 프리데이 5일 주셔서 그나마 살 수 있었어요. 강의력이 정말 좋으시고 수업이 이해가 정말 잘됩니다. 학점도 잘 주시는 편인 것 같아요!
2017,1,"정보대 최고의 강의 중 하나로 불리는 혁오에스입니다. 컴퓨터구조 과목을 아직 수강하지 않아서 잘 따라갈 수 있을까 걱정했는데 교수님이 학생들에게 관심도 굉장히 많으시고 강의력도 좋으시기 때문에 별 문제 없이 따라갈 수 있었습니다. 무엇보다도 학생들에게서 질문을 이끌어내시고 그 내용을 바탕으로 수업을 진행하신다는 점이 인상깊었습니다. 한 가지 흠이 있다면 시험인데, 일단 시험은 모두 open book으로 진행합니다. 그에 따라 난이도가 굉장히 높은데, 여기에 문제의 모호성까지 쓰까지면 최악의 시험이 탄생할 수 있습니다(특히 이번 기말). 오픈북이라고 방심하시면 안되고 자신의 생각을 수업 때 배운 용어를 사용하여 자유롭게 표현할 수 있는 정도로만 공부하시면 좋은 성적을 기대할 수 있습니다. 과제는 원래 4차까지 있었는데 이번에는 3차로 줄여서 그렇게까지 큰 부담은 없었습니다. 리눅스 커널 자체가 C를 기반으로 하기 때문에 C를 능숙하게 다룰 수 있다면 완-벽"
2017,1,"중간/기말 점수가 크게 중요하지 않습니다.
세번의 텀 프로젝트가 있었는데 그것만 제대로 끝낸 다면! 충분히 좋은 성적 받으실 수 있습니다.
과제는 5일의 프리데이를 주셨는데, 활용 잘 하시면 프리데이 개꿀!
오픈북이지만 가지고 갔던 것들 거의 쓸모가 없구요..
3개년 기출은 주시는데 그 이전 기출을 가지고있으면 훨씬 도움이 많이 됩니다.
평소에 수업을 잘 들어야하고 복습을 충분히..해야..합니다...
강의 녹음파일은 항상 업로드 해주시고, 텀에 대한 질문도 조교님들이 잘 받아주십니다."
2017,1,"출석체크 없습니다

시험은 중간,기말이고 오픈북입니다
오픈북이라는것은 가지고있는 모든 자료를 다 들고가도 된다는 뜻입니다
하지만 시험시간엔 볼시간이없어요 적을게 많아서

과제는 3번나왔고 과제50% 시험50%입니다

최고의교수님, 최고의 수업"
2017,1,"정보대 킹 유혁교수님의 수업이다. 시험은 전반적으로 오픈북으로 진행되고, 출석은 없는 편이다. (오히려 졸린 표정을 지으면 집가서 자고 녹음파일로 들으라고 권하시는 킹쳑 교수님...) 수업 난이도는 워낙 쉽게쉽게 수업을 가르치시는게 목표신지라 큰 어려움은 없다. 과제도 족보를 구할 수 있으면 쉽게쉽게 할 수 있으며, 혹여 족보가 없다 하더라도 구글링을 통해 큰 점수를 무난히 받을 수 있다.
다만, 아쉬운점은 교수님께서 수업시간에 창의력을 발휘하시는 것을 엄청 강조하시는데, 그에 비해 과제나 시험 채점같은경우 특정 단어가 빠지면 틀리는? 엄청 매뉴얼적인 면이 보인다. 나의 경우, 중간범위 수업을 전부 참여하고 질문도 오질라게 했다가 중간고사 때 족보에서 나온 문제로 참교육 당하고, 기말고사 때 수업도 잘 안나가고 설렁설렁하다가 족보 + 오픈북으로 시험을 무난히 쳤었던 것 같다.
수업 자체는 재밌다. OS는 개인적으로 억지로 뭘 외우고 공부한다기보단, 부담없이 수업을 즐기면서, 오픈북과 족보, 무난한 과제로 무난한 학점을 따는 과목이 아닐까 싶다."
2017,1,"유혁교수님은 단순 암기보다 배운 내용을 바탕으로 운영체제 범위에서 ""사고""를 하기 원하시는 스타일이십니다. 답안 적어낼 때에는 지나치게 세부적인 지식에 집중하기보다는 구조나 원리적 혹은 컨셉적인 것을 잘 이해했음을 보여주는 선에서 추상적으로 적어도 무방한 면이 있습니다. 물론 몇몇 크리티컬한 개념은 확실히 알고 있어야 합니다. 오픈북 시험에 방금 말씀드린 점 참고하시고요 텀프로젝트는 적당히 어려운 편이고 시간을 들이면 할 수 있습니다. 5일의 프리데이가 주어져서 그만큼은 늦게 제출해도 됩니다."
2017,1,"이번학기 들었던 전공 강의중 가장 얻었던 것도 많고 최고의 강의였다. 하지만 가끔 이해할 수 없을 시험 문제와 오픈북이지만 풀기 힘든 내용의 시험문제는 굉장히 힘들게 하였다. 

텀과제 같은 경우는 줄어들어 생각보다 할만 하였다. 시간도 충분하였지만 다른 텀 과제들과 겹쳐 마지막에 몰아서 하긴 했지만 할 수 있을 정도이다. 이게 줄어든 정도라서 매우 다행이었다.
이 이외에 수업은 굉장히 좋았다. 수업방식이 질문을 대답하면 음료수를 주는데 이 음료수가 굉장히 수업에 활력을 돋게 한다."
2017,1,"제가 진짜 컴알못인데 꽤 괜찮게 들은 것 같아요.
수업 한번 놓치면 다음꺼 따라가기 힘드니까 수업 안놓치는게 좋을 것 같아요.
과제는 진짜 미리미리해야해요
과제 다 하고 시험 그럭저럭 쳤는데 a나왔네요 생각보다 학점 잘주신거 같습니다."
2017,1,"일단 내용은 어렵지만 교수님이 설명을 매우 잘해주셔요 근데 질문을 수업시간에 많이 받으셔서 수업 집중이 힘들긴 합니다. 출석체크도 안하셔서 수업 빼먹기도 쉽지요..저처럼...
과제 같은 경우는 도움도 많이 주셔서 할만은 한데 마냥 쉽지만은 않습니다. 
시험은 오픈북인데 오픈북이 의미가 없는 그런 문제들..이죠. 간혹 오픈북이 유의미해지는 문제도 있습니다만 시험시간에 한숨이 난무합니다..
그래도 배우고자 하시는 분들에게는 매우 유익할 거라 생각해요! 저는 이 분야에 관심이 1도 없었어서 수업도 거의 안 가고 그랬지만 들어봤을 때 경험으로 보면 수업 자체는 배워가는 게 많아요"
2017,1,"운영체제 수업을 쉽고 이해할 수 있게 배울 수 있습니다. 텀프로젝트로 3차로 진행되어 1차는 간단한 시스템콜 추가, 2차는 스케줄러 분석, 3차는 리눅스 CFS 스케줄러를 수정하는 과제로 되어 있습니다. 1,3차 과제가 직접적으로 리눅스 Kernel을 수정하여 흥미로웠습니다. 그치만 아마 숙제의 점수는 보고서로 결정됩니다! 시험 문제는 다소 당황스럽습니다. 공부를 하나 안하나 평소에 수업 내용만 알고 있으면 시험 그날의 컨디션에 따라 좌우될 가능성이 큽니다. 한마디로 어디서도 볼 수 없었던 창의적인 문제? 저희 기말고사의 문제 하나는 간이 도서관 시스템을 디자인 하는 것이었습니다. 세마포어 조건을 다 만족하고 동시에 자료에 접근할 때 처리라던지 자료 보관 등을 디자인하는 것이 문제였습니다. 출석은 없고 수업은 좋으나! 시험문제가 좀 까탈스럽습니다."
2017,1,"질답을 활발히 하려고 교수님이 노력을 많이 하셔서, 수업 시간에 질문을 가장 활발하게 했던 수업.
수업은 명강이지만 오픈북 시험은 한번 핀트를 놓치면 점수를 대량으로 잃기 쉬움."
2017,1,"전체적으로 수업은 선수과목을 이수했다면 무난하게 들을 수 있습니다. 다만 수업 진행에 있어 교수님이 학생과의 상호작용을 중요하게 생각하기 때문에 수업 분위기가 다소 맞지 않을 수 있습니다. 

과제는 어렵지는 않지만 끝내는 데 시간이 많이들기 때문에, 이 점을 감안할 필요가 있습니다."
2017,1,"유혁교수님 수업을 듣고 정말 좋았습니다
청강이지만 정말 좋았습니다
시험은 항상 새로운문제로
기출올려주시니 참고하세요
정말좋습니다 어렵지만 성취감 좋아요"
2017,1,컴퓨터를 많이 공부를 하지 않은 상태였지만 운영체제는 꼭 들어야하는 과목이라고 생각해서 수강했는데 사실 내용도 굉장히 깊게 수업을 하시고 해서 다소 힘들긴했지만 마지막에 정말 남는게 많은 수업이였습니다. 유혁 교수님 강의는 빼먹지 않고 계속 들을 예정입니다.
2017,1,"수업을 학생들과 같이 간다는 신념을 가지시고 수업을 하시는 것 같아서 좋았습니다.
시험도 오픈북 테스트이고 과제 또한 조교님들이 잘 설명해주시기 때문에 수업을 하기 쉬웠습니다."
2017,1,교수님의 강의력에 무한한 존경을.. 진짜 잘 설명해주시고 모르는 점 질문하면 친절하게 성의있게 답변해주십니다.
2017,1,"유혁 교수님의 명성 답게 배운 것도 많고 할 것도 많은 수업입니다
개인적으로는 실제 PC가 어떻게 굴러 가는지에 대한 선구안을 지닐 수 있는 수업이라고 생각합니다

시험은 중간 기말 두 번 보시고 오픈북으로 치뤄지기 때문에 암기는 0, 이해와 응용으로 무장해가셔야합니다. 미리 지난 해 시험도 알려주시니 참고하시면 좋습니다.

과제는 virtual box를 이용해서 커널을 수정해보는 건데 사실 이게 시험보다 더 골때립니다. 터미널에 익숙하지 않으신 분이라면 이 수업을 조금 고려해 보는 것도 좋은 선택입니다."
2016,1,"컴퓨터를 한번의 손짓으로 1000배 빠르게 만들었다는 전설의 남자. 이 시대의 진정한 디지탈 지져스(Digital Jesus), 갓혁교수님의 수업입니다. 말이 필요없는 수준높은 이 명강에 대해 한번 얘기해보도록 하죠.

여러분이 길을 가는데 모르는 사람에게 뺨을 맞았습니다. 어떻게 반응해야할까요? 당연히 이렇게 말할겁니다.
""누구신데 왜 때리세요!?""

이 강의는 이렇게 대답합니다.
""그건 매우 중요한 이슈란다. 내일까지 한 페이지로 조사해오렴. 아 그리고 좋은 질문이었으니 여기있는 코카콜라 제로를 주마""

다소 어리둥절하죠? 이런 강의입니다. 물론 질의응답식 강의가 안 좋다는게 아닙니다. 스스로 답을 찾는 습관을 길러주시는 것도 잘못됐다고 생각하지 않습니다. 제가 저기서 절대적으로 잘못됐다고 생각하는건 코카콜라 제로 뿐입니다. 기왕 주실거면 그냥 코카콜라를 주셔야죠. 문제는 이 다음입니다.

억울함을 억누른채 여러분은 자신이 맞아야만 했던 이유가 [그저 심심해서] 였다는 사실을 추리해냈습니다. 그리고 이를 억지로 늘려 한페이지 분량으로 적어 ""이거 맞죠!?"" 하고 물었습니다. 상대는 대답합니다.

""글쎄~?""

그 누구도 정확히 상세하게 대답해주지 않습니다. 정말 어리둥절한 강의죠. 처음에는 참신한 것 같지만 이게 한 9번 반복되면 짜증이 나기 시작합니다. 그래도 그 9번째가 딱 종강할 타이밍이기 때문에 그저 찝찝한 수준에서  끝이 나는 것이 이 강의의 매력입니다.

사실 이 강의가 질의응답식이어서 생기는 진짜 문제는 저게 아닙니다. 진짜 문제는 사람마다 궁금해하는 포인트가 다르다는 거죠. 

누군가는 뺨을 맞은 순간 이렇게 질문합니다.
""방금 제가 맞은 곳이 뺨인가요? 그리고 당신이 저를 때릴 때 손을 사용한 건가요 발을 사용한 건가요?"".
이건 그냥 뺨을 맞을 때 정신을 안 차리고 있던 겁니다. 강의로 치면 수업을 제대로 안 듣고 있던 거라고요.

또 누군가는 이렇게 질문하죠.
""방금 당신의 손이 제 뺨과 닿기 직전에 당신의 손이 가지고 있던 운동에너지는 얼마죠? 그리고 충돌 이후 그 운동에너지가 열에너지로 바뀐 양은 얼마나 되나요? 아! 죄송하지만 하나만 더 묻고 싶은데 방금의 타격이 저의 왼쪽 두번째 어금니의 뿌리부분에 미치는 영향은 무엇인가요?""
이게 과연 정말 중요하고 유의미한 질문일까요? 더 끔찍한 사실은 이 강의가 이런 류의 질문에게는 정말 너무나도 친절하게 대답을 해준다는 겁니다. 

결국 여러분은 어느덧 이 강의의 70% 가량을 차지하는 질의응답시간마다 흥미를 잃는 자신을 볼 수 있을 것입니다."
2016,1,겉멋이 잔뜩 들어간 시험.. 학부 수준에서 운영체제를 들으면서 알아야 할 필수적인 내용에 대한 체크가 전혀 없고 글 장인 줄 세우는 시험. 교수법에는 호불호가 갈릴 것이나 내게 썩 맞지는 않았음..
2016,1,"명강입니다. 교수님께서 학생들을 배려해주신다는 점이 느껴지는 진정한 대학강의!
모든 수업에 녹음본을 제공해주시고 3개년 기출, 그리고 학생들에게 매번 질문하라고 끈질기게 이야기하실 만큼 학생들의 이해를 돕기위해 노력하시는 모습이 아름답습니다. 내용 자체는 어렵지만 교수님의 수업에 대한 가치관이 상위 70프로 학생들이 배우고 따라갈 수 있을 정도로 쉽게 가르치기 위해 노력하십니다.
수업 형식은 먼저 3차에 걸친 프로젝트가 있습니다. 1차에서는 커널에서의 시스템콜에 대해 간략하게 코드를 짜는 느낌, 2차에서는 실제로 커널 내에 cpu 스케줄러 부분을 수정하여 커널을 컴파일한 이후에(시간이 매우 오래 걸림,,,) 프로세스에 따라 스케줄링 되는 과정을 시각적으로 확인합니다. 마지막으로 3차 프로젝트에서는 각각의 프로세스에 따라서 메모리 사이즈와 부가적인 정보를 파싱하여 시각적으로 확인하면 됩니다.
이렇게 길고도 긴 프로젝트가 끝났음에도 불구하고 어마무시한 중간고사와 기말고사가 남아있습니다. 오픈북이라고는 하지만 왜 오픈북일까 문제를 보는 순간 알게 됩니다. 개념에 충실하지만 항상 개념에서 한발짝 응용된 문제들이 출제되므로 밤을 새 시험공부를 하더라도 무용지물일 때가 있습니다. 하지만 원리를 깨닫고 운영체제식 사고를 원할하게 할 수 있는 학생이라면 충분히 따라갈 수 있는 명강 추천합니다!"
2016,1,"강의력은 정말 뛰어나신 것 같습니다.
하지만 운영체제 과목 자체가 상당히 어려운 것 같습니다.
시험도 오픈북이어서 많이 어려웠습니다.

과제는 총 3번이 나오는데 충분히 할만 했습니다.
코딩하는 것보다는 과제를 이해하는 것이 중요했습니다.

한 학기동안 많이 배운 것은 확실합니다.

그리고 중간에 포기하시는 분들도 꽤 있으신 것 같네요."
2016,1,"사실 무난무난한 과목입니다.
교수님 수업도 들을만 합니다.
출첵은 없습니다.
일주일에 한번씩 한페이지짜리 보고서같은거 어떤 주제 찾아보고 쓰는거 있는데, 출첵과제형식이라서 어렵지 않고, 큰 과제 3개도 조교 시간에 힌트를 많이 주기때문에 그리 문제되지 않습니다.

문제는 시험입니다. 시험 두번이 장수제한 없는 오픈북인데, 이리저리 응용되서 나오는 방식이라 일단 보고 바로 쓸수 없는 문제도 나오기도하고, 대강 내용을 아는 문제여도 답안을 어떻게 쓰느냐에 따라 점수가 달라지는거처럼 느껴집니다.

요약하면 시험을 제외하고는 괜찮은 수업입니다. 다만 학기전에 주변 사람들한테 들었던 것과 마찬가지로 이 수업은 학점이 보장되지는 않는 수업이라고 생각합니다."
2016,1,"수업은 무난무난하지만 시험이나 과제채점방식이 이해가 안되는 과목입니다. 단어의 유무를 통해서 보고서나 시험점수가 많이 갈리는데, 교수님말씀처럼 논리만 맞으면 점수를 잘 주는 과목은 아닌 것 같습니다."
2016,1,"자신이 꿀벌이라 생각하시는 분들은 들으시면 안되고, 학점 신경쓰지 않고 성취감만을 생각하신다면 좋은 강의입니다. 하아... 뻐킹 알파고..."
2016,1,"마! 내가 인마! 학장님이랑 인마!
고연전 때 같이 술 묵고, 정통관 화장실도 같이 가고,
음료수도 받아먹고, 유우머도 주고받고,
수업도 듣고, 시험도 보고 마 다 했어!
이 막걸리 샛기들이 말야!

아무튼, 운영체제라는 것이 아주 방대한 내용을 가지고 있다.
그래서 잘못하면 수업이 순두부 (정순영 교수님 데이터베이스) 꼴이 날 뻔했는데,
다행히도 학장님께서 수업을 잘 살리셨다.
이런 이유로 개인적으로 많은 것을 알아간다고 생각한다.

위에서처럼 나는 학장님과 많은 것을 함께 했지만, 조금 불만인 점도 있다.
교수님이 텀과 시험을 검수 안 하시는 것 같다.
근데 뭐 여기다가 써봤자 쓸모도 없고, 학교 수강평가에 썼으니까 자세한 내용은 생략한다.

그런데 이거 빼고는 다 좋았다.
교수님께서 수업 준비도 많이 하시고, 수업 듣는데 필요한 모든 지원을 해주신다.
개인적으로 교수님과 커뮤니케이션이 많은 수업을 좋아하는데,
정보대에서 유혁 교수님 바로 그런 교수님이 아닐까 싶다."
2016,1,"수업 때 항상 음료수를 세 개 정도 사오셔서 좋은 질문을 하거나 좋은 대답을 하는 학생에게, 
혹은 졸고 있는 학생에게 음료수를 주십니다. 
교수님꼐서 줄거리 설명 정도를 해주시고 질문을 받고 대답을 해주시면서 부족한 부분들을 채워가는 느낌입니다. 저는 사실 제 스스로 내용 정리가 덜 된 상태로 학생들의 질의문답이 많이 왔다갔다 하는 상황이 다소 피곤했습니다.  
출석체크 없습니다. 강의 녹음파일은 블랙보드에 올려주십니다. 
ppt를 가지고 수업을 합니다. 텀 과제는 3개 있습니다. 
텀 과제는 조교님들꼐 많이 물어보면서 하시면 도움을 많이 받을 수 있습니다 :)
과제는 리눅스를 어느 정도 쓸 줄 안다는 것을 전제하는 느낌이 있습니다. 
리눅스를 많이 다뤄봤고 편하게 쓰시는 분은 좀더 유리합니다.
시험 준비는 강의를 열심히 듣고 ppt를 꼼꼼히 보는 것 정도면 충분할 것 같습니다. 
시험은 오픈북 시험으로 진행되었습니다. 
텀 과제 외에 '점수 반영 없는 수업 과제'들을 내주시는데 그 과제들에서 시험 문제가 
많이 출제됩니다. 절대평가라서 그런지 학점은 후하게 주시는 편인 것 같습니다."
2016,1,"일단 알아가는건 많습니다. 수업 잘하세요.
그만큼 공부도 열심히해야하는 과목.

출첵없고 녹음파일도 올려줍니다.
중간기말(오픈북) 50 실습3개 50으로 성적이 결정되요.

실습은 리눅스기반에서 진행되는데 조교님들이 잘알려주셔서 아예몰라도 따라갈수 있어요.

공부하실려면 들으세요^^"
2016,1,"교수님의 열정적인 강의와 학우분들의 열띤 질문 정말 인상적인 강의였습니다. 성적에 초연하면서 들었더니 부담없이 들을 수 있었고 또 암기보다 이해를 지향하는 교수님의 철학이 무척 맘에 들었습니다. 조교님들도 물어보는 질문마다 세심히 대답해주셔서 좋았습니다.

텀과제는 3개인데 1,2차는 리눅스 커널 소스를 조금 수정, 3차는 메모리 정보를 출력하는 유저 애플리케이션 구현이었습니다. 구현 자체는 조교님께 물어보거나 랩 세션만 참석해도 그리 큰 어려움 없이 할 수 있었습니다. 구문 하나 순서 반대로 입력해서 커널 패닉 일으킨게 기억에 많이 남네요. 그런데 보고서가 고통입니다. 이것저것 요구조건이 많은데 점수 잘 받으시려면 과제 요구사항대로 다 정확하게 넣어야 합니다. 텀과제 할 때 진짜 힘들었는데 하고나니 뭔가 많이 남은 느낌이네요.

시험은 오픈북이고 3개년 기출문제 다 올려주십니다. 다만 배운 개념을 응용하는 문제들이라 
호락호락하지 않았네요. 특히 기말고사는 요새 핫한 인공지능의 활약이 인상적이었습니다. 아무튼 좋은 강의였던 것 같아요. 기억에 많이 남을 것 같습니다."
2016,1,수업 내용을 모두 녹취해서 올려주시고 수업때 학생들 질문에 최대한 쉽게 대답하려고 노력하시나 답변을 이해하기 어렵습니다. 시험문제는 논술처럼 나오고 평소에 배운 내용에 대해 심도있게 고민해보지 않으면 풀기 힘든 문제들을 내십니다.
2016,1,좀 실력있는 사람이 들어야할것 같습니다. 아무 기초가 없이 들으면 굉장히 빡시더라고요...
2016,1,"유혁 교수님의 운영체제 강의입니다.

타과생으로서 정보대학 강의를 수강하면서 불안한 것이 많았는데요. 클루에서 강의평도 찾아봤었는데, 유혁교수님 강의는 어렵다는 평이 많았습니다.

다행히도 교수님께서 매우 열정적이시고 잘 가르치십니다. 조교님들도 무척 열심히 하시고, 실력도 좋으시고요. 덕분에 많이 배웠습니다.

컴퓨터구조 수업을 수강하지 않고 들었지만, 강의 내용을 이해하는데는 무리가 없었습니다. 다만, 내용이 생소하다 보니 강의를 집중해서 잘 들으시고, 계속 생각하시며 들을 필요가 있어요. 교수님께서도 그걸 많이 강조하십니다. 처음 듣는 내용들이지만, 계속 고민하며 듣다 보면 이해가 될 겁니다. 때문에 난이도는 4로 했어요.

거의 매 시간 과제가 나옵니다. HAL, PCI BUS, TLB, fork() 등등 수업시간에 나오는 내용들과 관련있는 주제를 주시며 1장짜리 레포트를 제출하라고 하십니다. 전혀 어렵지는 않지만, 거의 매 수업시간 나오다 보니 바쁠때는 깜박하고 급하게 해야하는 경우도 있고, 열심히 하려고 하면 시간도 좀 들더라고요. 그냥 검색 조금 하고, 그 내용들을 읽어보고, 이해한 대로만 써서 내시면 됩니다. 제출 여부와 내용의 상관성 정도만 확인하는 것 같습니다.(매 시간 조교님들도 80명이 넘는 학생들의 레포트를 읽을 수도 없으니까요.) 하지만 1,2,3차 프로젝트가 있는데 얘네들은 시간이 좀 걸릴겁니다. 오롯이 투자한 시간만 프로젝트별로 3~5일 정도는 될 것 같네요. 프로젝트의 경우 1.시스템 콜 구현, 2.스케줄링 함수 수정, 3.파일 시스템 읽기 정도였는데, 모두 처음 보는 내용들이었습니다. 조교님들께서 과제 문서를 굉장히 상세하게 잘 작성해 주시고, 랩세션이라고 매주 화요일 저녁에 질문받는 시간이 있는데 이 때 설명도 굉장히 잘 해주셔서 무리없이 끝냈습니다만, 어려운 내용들이기도 했고 시간도 많이 걸려서 (조사도 조사지만, 작성한 내용을 가지고 커널을 컴파일해야하는데, 컴파일 시간이 깁니다, 컴퓨터 사양에 따라 엄청 길어질 수 있어요, 1시간걸린다는 사람도 들어본 것 같네요. 열심히 코드를 작성해서 그걸 가지고 커널을 컴파일했는데, 안되면 될때까지 수정, 컴파일을 계속합니다. 기다리는 시간도 엄청나요) 힘들 수 있습니다. 하지만, 프로젝트에서 배운 내용이 많고, 기억도 오래 갈 것 같아서 오히려 좋은 경험이라고 생각합니다.

출석체크는 전혀 없습니다. 교수님께서 수업에 나올 필요가 없다고 하십니다. 그 이유는 매 시간 강의 녹음을 해서 블랙보드에 올려주시기 때문인데요. 불가피하게 수업에 결석하시게 되면 활용하시면 될 것 같네요.

수업에 열심히 참여했고, 과제도 열심히 했기 때문에 좋은 성적을 받았습니다만, 성적을 잘 주시는지는 잘 모르겠네요. 타과생이다 보니 친구들도 없어 다른 학생들의 성적을 알 수가 없지만, A+는 몇명 못받은 것으로 알고 있어요. 정말 열심히 하셔야 받을 수 있는 성적입니다.

성취감은 엄청나네요. 학점이 좋은 탓도 있지만, 정말 많은 것을 배울 수 있는 수업입니다. 교수님께서 외우는 것보다 스스로 생각하고 의문을 가지는 것을 강조하세요. 수업 시간마다, 의문을 가져야 한다는 것을 강조하시고, 현재는 운영체제에서 이러한 기법을 사용하지만, 이게 최선이 아닐 수 있다, 얼마든지 다른 기법을 사용할 수 있다 등의 내용을 강조하십니다. 시험도 오픈북에 모든 자료들을 다 가지고 갈 수 있어요. 심지어 최근 3년간 기출문제와 답안도 올려주십니다. 대신 시험 문제는 책에서 찾아서 적는 것이 아니라, 배운 내용들을 바탕으로 스스로 생각해 내셔야 합니다. 그러한 과정을 통해서 많이 배우실 수 있을 거에요.

정말 추천합니다. 교수님도 좋으십니다. 궁금한 것이 있으면 상담도 해 주시고요. 많은 것을 배워가실 겁니다."
2016,1,많이 배울 수 있는 수업입니다!! 중간에 평균보다 못 보고 기말에 되게 잘 봤지만... 학점은 안 좋게 받아서 마음이 아프네요... 수시 과제와 3번의 큰 과제가 있지만 할만하며 잘 따라가시면 좋은 학점 받으실 수 있습니다
2016,1,"출석 체크를 아예 안하십니다. 과제만 꼬박꼬박 제출하고 시험만 잘 보면 되는데, 이게 어렵죠.

시험 난이도는 상당한 편입니다. 오픈북 시험인데 음... 글쎄요... 자료가 많다고 해서 큰 도움이 되지는 않습니다.

과제도 자주 내주시는 편인데 큰 개인 과제 3개만 빼고는 쉽게쉽게 할 수 있는 것들입니다. 강의 자체는 명강입니다만 이번에 절대평가로 바뀌면서 학점은 약간 짜진 것 같습니다."
2016,1,"운영체제 자체가 상당히 어려운 과목입니다. 그럼에도 불구하고 교수님이 열정을 가지고 학생들을 잘 가르쳐 주시고 질의응답에도 성실히 대답해 주셔서 정말 학생들을 위한 좋은 강의입니다. 배우는 양, 난의도 등이 최악의 수준이지만 조교님들도 친절히 대해 주셔서 수업/실습 모두 진행하기 편했습니다 - 하지만 결코 쉽지는 않습니다. 학점이 아닌 학습을 위한 수업이니 진지하게 수업에 임할 수 있는 학생들한테 추천합니다. 듣고 싶은 학생은 학점 생각은 안 하시는게 좋을 겁니다."
2016,1,수업은 되게 좋았으나 당신은 A+을 받을 수 없을 것입니다 수업은 되게 좋았으나 당신은 A+을 받을 수 없을 것입니다
2016,1,"운영체제 전반에 대한 수업. 운영체제가 어떻게 돌아가는 지에 대해서 알 수 있어서 좋았다. 수업도 꽤 괜찮게 들었던 것 같은데, 수업은 학생들의 질문을 받는 시간이 반 정도, 진도를 나가는 시간이 반 정도 된다. 교수님이 말씀을 잘 하시는 것 같다가도 아닌 것 같기도 하고. 여튼 수업은 좋았다."
2016,1,쭈뱅 리얼 대학수업같기는 합니다. 교수님의 열정도 대단하시고 배우는 내용도 주입식이 아니라 우리 스스로 생각하도록 유도하십니다. 물론 생각만큼 잘 되는 것 같지는 않지만 말입니다 ㅂㄷㅂㄷ 시험... ㅎㅏ... 공부할 내용은 복습이 대부분이고 족보도 다 줍니다... 하지만 시험은 헬입니다 핵헬 리얼 헬 헬헬헬헤렣레헬헤ㅔ 이러시면 안되는데... ㅎㅏ... 중간은 그렇다치고 기말... 진짜 인성테스트인줄 알았습니다. 시험내용은 공부의 많고 적음에 관계없이 평등하게 다 못보도록 만드셨습니다. 수업한 부분의 연장선이지만 ㅎㅏ... 더 언급하지 않겠습니다. 음... 포장질이 좀 필요하겠네여 수업 좋습니다. 진정한 대학수업을 느끼고 싶은사람들은 모이시면 좋겠습니다. 가끔 잘하는 사람들이 이상한 질문을 하는데... 음... 네... 그러세요...
2016,1,"인생강의. 강의력이 정말 탁월하시다.
그런데 말씀하시는 것처럼 암기가 아니라 이해해야 풀 수 있다.
수업시간에 배운 것들을 착실히 이해하면 반타작정도 할 수 있고 기출까지 풀어낼 수 있다면 좋은 성적을 거둘 수 있다."
2016,1,내용도 쉬운 편은 아니고 과제량이 정말 장난아니게 많아서 수강신청할 때 참고하시면 되겠습니다
2016,1,"교수님이 질문을 할 수 있는 분위기를 만들어 주신점이 가장 좋았습니다. 저 같은 질문충에게 있어서 이건 상당히 개이득이니까요. 그리고 교수님께서 학생 하나하나를 굉장히 신경쓰시는 느낌을 받았습니다. 졸지말라고 음료수도 주시고 수업 내용은 녹음하신다음 꼭 다시 올려주시고, 재밌으라고 나름 아ㅡ재 개그도 치십니다. 물론 교수님이 권위자라 그런지 은근히 웃음을 강요하긴 하시는데 그것도 상관 없습니다. 
 수업에 관해서는 좀 호불호가 갈립니다. 질문을 많이 받으시는데 많이 배우신 분들이 수업내용보다 좀 많이 나간 질문을 하시는데 저희같은 양민 입장에선 저게 뭔소린가... 합니다. 근데 교수님은 깔깔깔 하시면서 그런 질문에도 투자를 많이 하셔서 (물론 너무 어긋난 질문은 거르기도 하십니다.) 수업 중간중간에 길을 잃고 방향을 잃은 소리꾼이 되실 때가 있습니다. 물론 이건 교수님의 죄는 아니니까 패스 그리고 텀과 시험문제를 교수님이 검수를 잘 안하시는거 같은데. 특히 기말고사는 보고 이게 뭔가 싶었습니다. 물론 이것도 제가 무능한거니까 교수님의 죄는 아닙니다. 
 전체적으로 배우고자 하는 의지가 있다면 굉장히 좋은수업이고, 수업 분위기도 그럴 수 있게 만들어 주는 좋은 수업입니다."
2016,1,"시험은 일단 오픈북이라 할만하다. 물론 하나도 못풀걸 하나라도 풀수 있다는 의미에서 할만하다는것...가지고 있는 자료 전부 뽑아가도 사실 잘 모르겠다.
출첵은 전혀 안하고 텀은 할만하다.  근데 채점하는 조교님별로 점수가 많이 갈린다. 그리고 채점기준도 너무 쓸데없이 꼼꼼하다. 일단 텀 점수가 많이 높아서 시험점수가 나빠도 나름 좋은 성적을 받은 것 같다. 

유혁교수님 수업이 명강의!라는 소리를 들었는데 딱히 그정도는 아니다. 학생들을 음료수로 매수한 수업이다."
2016,1,"학생의 수업 참여를 많이 유도하십니다. 학생들의 질문으로 수업의 상당부분이 진행됩니다.

공부에 필요한 자료는 모두 제공해주십니다. 수업 녹음 파일도 올려주시고, 기출문제도 전부 올려주셨습니다.

시험문제는 오픈북이지만 응용문제로 어렵게 나오기때문에 기출문제를 보는식으로 공부를 해야하는데, 사실 좀 어떻게 공부해야할지 막막한 유형의 시험이긴 합니다....

과제도 좀 어렵게 나오기때문에 미리미리 해두는편이 좋습니다.

어려운 대신 배우는건 많은 과목."
2016,1,"과제가 많은 편입니다.
수업은 자세하게 해주시며 한 만큼 얻어갈 수 있는 수업입니다.
출석은 안합니다"
2016,1,"일단 매우매우 어렵다.

ppt에 나와있는 내용을 이해하기도 어려운데, 교수님과 몇몇 괴물학생들과의 질의응답에 관한것도 어느정도는 공부해야 하고 그것에 대한 과제도 매주 나오기 때문에 공부량이 상당하다.

매주 나오는 과제 이외에도 텀프로젝트가 있는데 그 난이도가 매우 높은 편이다.
게다가 열심히 공부를 해도 시험에 나오는건 예상을 뛰어넘기 때문에 상당한 각오를 하고 수강신청을 해야 할 것이다.(알파고 구현을 간단히 묘사하는것이 시험)

이렇게 어려운만큼, 학기가 끝나면 성취감은 매우 높은 편이다."
2016,1,"어렵다고 소문난 운영체제 수업, 제가 한번 들어보았습니다..
수업은 거의 이론적인 내용을 나가기 때문에 타과생이 듣기에도 크게 부담은 없습니다. 열심히 하면 따라갈 수 있는 정도.
그런데 과제가 세 개가 있었습니다.
가상머신으로 컴퓨터에 리눅스를 설치하고, 간단한 시스템 콜을 구현하는 것.
스케줄러 수정하기.
등등..
c언어를 어느정도해야 그나마 수월할 것 같습니다.

중간고사, 기말고사는 오픈북테스트인데 교수님이 중간중간 내주시는 숙제에서 나옵니다.
그렇다고 똑같이 나오는 것은 아니고, 창의성이 가미된 문제로
어차피 책 있어도 못푸니까 오픈북이다 
라는 느낌입니다. 
그래도 교수님이 학생들 많이 생각해주시고 많이 배워서 뿌듯한 수업입니다. 
수업듣고나면 운영체제에 대한 이해와 관심이 생기고, 리눅스 시스템을 직접 만져봤다는 뿌듯한 기분이 듭니다."
2016,1,"개인적으로 만족했던 강의입니다. 학기 중에 3개가 주어졌던 텀프로젝트도 할만 했습니다.
운영체제라는 과목 특성상 내용이 어려운데 교수님께서 학생들이 내용을 이해하고 수업시간에 질문을 많이 해주기를 원하십니다.
 시험은 오픈북 테스트인데 그만큼 어렵습니다. 그래서 시험 공부를 할 때는 강의 자료에 있는 내용을 외울 필요는 없지만 이해를 잘 해두어야 시험을 잘 볼 수가 있습니다. 덕분에 잘 들었다고 생각하는 강의입니다."
2016,1,"교수님의 질의 응답을 좋아하셔서 질문을 자주하시고 질문을 하라고 기다리는 시간도 중간중간 많습니다. 하지만 질문을 하실때 자유롭게 답변하라 그러시고서는 원하는 답변을 상정해 두신 늠낌이고 질문을 받으실때도 질문을 기다리는시간, 학생 목소리를 잘 못들어 재차 질문을 하는시간, 질문을 제대로 이해 못하셔서 잘못된 답변을 하시는 시간 등등 질문에 불필요한 시간 소모를 많이 해서 수업시간을 비효율적으로 사용하십니다.
학기 과제는 리눅스 커널을 수정하여 기능을 추가하는 작업등을 하였는데 리눅스 커널의 방대한 크기에 비해 제공해주는 정보가 부족하고 과제 요구사항마져 명확하지 않아 조교와의 별도의 소통 없이는 과제를 진행하기 어렵습니다."
2016,1,"뭐...너무나도 유명한 강의라 굳이 강의평가가 필요할까 싶을정도로 많이들 아시겠지만...
흠 일단 학습량은 많습니다. 머리아픈 강의도 많고 이해했다 싶어도 내가 잘못 이해하고 있는 경우가 생기는 그런 수업이었구요, 수업 재밌습니다. 교수님이 유머가 있기보다는 학생들을 열심히 끌고 가려고 하세요. 강의의 질은 제가 여태껏 들었던 컴과 수업중에 제일 높았다고 자부할 수 있겠네요. 리눅스에 대해서 미리 좀 공부를 하면 과제를 할때 좀더 쉽지 않을까 싶어요. 3차과제가 나가는데 친구들이랑 열심히 하면 나쁜 점수는 받지 않습니다. 참고로 시험은 오픈북이 무색한 오픈북 테스트...ㅎㅎ 하늘에 맡기는수밖에"
2016,1,중간 기말 예측하기 힘들지만 수업시간에 잘들으시고 자료만 잘 챙겨가셔도 답안작성에 문제는 없고요 텀이 문제인데 시간 많이 투자하시는게 마음편합니다
2016,1,"우선 3무정책을 해서 그런지

오픈노트 시험에 출첵은 하지않는다
다만 시험이 어려워서 200장을 가져가던 300장을 가져가던 딱히 도움이 되지않는다

과제도 거의 매수업 있는편이며 텀이 어렵다.

단 이수업을 듣는다면 리눅스와 친해질 수 있겠다."
2016,1,"유혁 교수님은 정말 학생들과 소통하시는 걸 좋아하시는 것 같아요
일방적으로 강의만 진행하는 수업과는 많이 다릅니다

수업 진행하시면서 어렵지 않은 그냥 소소한 질문들을 출석부에서 랜덤으로 지목한 학생에게 자주 물어보시구요
또 그렇게 소소한 과제들도 많이 내주세요
소소한 과제 말고 굵직한 3개의 과제가 학점에 많은 영향이 있는 것 같아요!
아무래도 시험이 ㅋㅋㅋㅋ오픈북이라서 ㅎㅎ 너무 어려우니까요..

그 3개의 과제들이 처음 보면 진짜 어렵고 막막해보이는데
시간 넉넉히 잡아서 미리 시작하세요!
은근 지나고보면 진짜 막 그렇게 어려운거 아니고 진짜 성실하게만 잘 하시면 점수 잘 받을수 있어요!
그리고 과제 공지 후에 처음있는 랩세션? 그 조교님들이 과제 설명해주시는거 있으면 꼭 가서 들어보세요 ㅎㅎ 완전 많이 유용할거에요!
(근데.. 제가 수업들을때 계셨던 조교님이 지금은 바뀐 것 같아서 지금은 잘 모르겠네요ㅠㅠ)"
2016,1,"운영체제가 어려워서 수업 내용이 어렵다고 느껴졌던 것 같습니다ㅇ, 유혁 교수님의 수업이 특히 어려워서가 아니라... 질문하는 태도를 강조하셔서 성취감이 더욱 컸던 것 같습니다."
2016,1,리눅스 환경을 접해볼 기회도 되고 컴퓨터 기반 시스템이 어떻게 돌아가는지 들을수 있는 과목. 하지만 시험이 오픈북으로 책을 펴봐도 풀지못할거라는 교수님의 자신감처럼 엄청난 난이도를 보여줌
2015,1,"성취감은 높다
교수님도 좋다
그런데 시험문제가 별로다
왜인가 생각해보니
조교가 채점을 너무 짜게한다.
시험확인시간도 맘대로정해서
못하는사람이많다
메일도 확인하고 답장안하는게 다수
교수는 좋으나 조교가 다 말아먹음
텀프는 중간난이도정도
하위20퍼센트는 텀프못해서 포기하는듯"
2015,1,"유혁 교수님의 운영체제 강의를 선배들이 많이 칭찬하고 강의평도 항상 좋은 편이어서 많은 기대를 안고 들어갔으나 개인적으로 기대만큼 좋지는 않았습니다.

강의 자체는 괜찮았으나,
교수님께서 수업 중에 질문을 많이 받으시는데
1) 모두가 고개를 갸우뚱하는 쓸데 없는 질문
2) 좀 아는 대학원 청강생들이 하는 자기만 이해하는 질문
들이 너무 많아서 일반 학부생들이 배울 시간을 많이 빼앗겼습니다."
2015,1,"컴과생이라면 들어야 하는 수업중 하나이지만..
정말 과제와 공부량은 welcome to hell이다.
본인 실력이 출중하지 않은이상 유혁교수님쪽에 모이는 애들과
붙고 싶지 않다면 비추.. 본인이 실력이 좀있고 공부 열심히하고 싶다면 
해봐.. ㅎㅎㅎ"
2015,1,"강의는 정말 대학생활 동안 손안에 드는 명강의였어요!

이번에 운영체제를 1,2로 나눠서 가르쳐서 조금 더 천천히 진도 나가고 그만큼 질문도 많이 받았어요

교수님께서 정말 친절하시고 질문에 대한 대답도 잘 해주세요
좋은 질문인 경우 음료수도 주시고 ㅋㅋ
조교님도 친절하시고 따로 조교수업도 있어요(저같은 경우는 안 갔어요, 가면 더 배울 수 있어요)

시험공부는 진짜 수업시간에 열심히 들어야 시험 문제 요점을 알게되는거 같아요!
출첵 안한다고 수업 안들으시면 시험 망할 가능성 높아요!"
2015,1,"이전 강의평들이 매우 좋아서 기대를 많이 했으나

다른 수업들과 별반 차이 없습니다

그 이상도 이하도 아닙니다

지나친 기대는 하지마세요

운영체제를 꼭 이 분 수업을 들을 필요는 없을 것 같네요"
2015,1,매시간 질문 유도를 위해 주스를 준비해오시고 정말 열성적으로 가르쳐주십니다. 과제가 꽤 있었으나 시간 투자하면 해낼 수 있는 수준입니다. 시험은 오픈북으로 진행되는데 그만큼 시험 문제를 좀 더 생각해야 풀 수 있게 출제하십니다. 기출 문제들은 제공됩니다. 본인 노력을 통해 깊은 부분을 채워가도록 유도하는 스타일의 수업입니다.
2015,1,"아시는 분들은 아시겠지만 유혁교수님은 운영체제분야에서만큼은 최고 전문가라고 할 수 있다고 느꼈습니다. 수업자체에서 배우는 것도 많았고, 앞으로 공부하는 방향같은 것에 대해서도
좋은 말씀 해주셔서 감사했습니다. 컴퓨터 공부하시면 운영체제는 필수라고 생각하는데 이 수업에서 많은걸 배울 수 있었습니다. 시험은 오픈북에 기출문제들 미리 알려주지만 그 학기 수업
시간에 한 내용들을 응용해서 나오니 소스같은건 의미없습니다 과제는 프로그래밍자체보다
보고서를 꼼꼼히 쓰셔야 점수가 잘나오고 은근히 이게 전체점수에서 차지하는 비중이 꽤됩니다."
2015,1,"명강의로 유명한 유혁 교수님 OS,
시험은 좀 난해해요. 딱히 공부를 많이 했다고 잘 보는 것도 아니고..
막 책 열심히 보고 그런 것보다는 그냥 평소에 수업이나 열심히 듣는게 오히려 도움이 될 거에요. 아 근데 참고로 시험 문제 중에 한 문제는 수업 과제중에서 꼭 나오니까 수업 과제는 비중 별로 없다고 대충 하시지 마시고 꼭 하세요. 그리고 어차피 오픈북이니까 시험보기 전에 과제했던 것들 다 뽑아서 가시면 못해도 한 문제는 푸실 수 있습니다. 학점은 정말 꽉꽉 채워주십니다. A 35퍼 B 70퍼 채워서 주셨네요. 근데 B+은 잘 주시는데, A+ 받기는 조금 힘듭니다. 그리고 과제가 50%인데 과제 은근 대충하는 사람들이 많은데 과제 정말 열심히 하세요. 특히 보고서 열심히 쓰세요. 최종 점수 0.1점 차이로 학점 갈리니까 구현보다 보고서가 더 중요하니까 보고서를 열심히 쓰세요"
2015,1,"출석체크 안하고 녹음파일도 올려주십니다. 
수업은 ppt로 진행하며 천천히 알려주시고 질문도 많이 받으십니다. 질문이 많습니다.
다른 학기는 잘 모르겠는데 이번 학기는 너희들이 예습해오고 질문을 많이 받는 식으로 진행하겠다고 하셨습니다.
과제는 3차까지 있습니다. 이번 학기는 쉽게 내셨다고 했는데 개인적으로는 꽤 어려웠습니다. 꽤 어려웠습니다. 그래도 하다보면 80점 받을 정도로는 할 수 있습니다. 생각보다 보고서의 비중이 높은 듯 합니다.
시험은 중간 기말 다 보고 오픈북 오픈노트입니다. 교묘하게 ppt만 보고도 풀 수 있는 난이도지만 공부 좀 더 하고 가시면 좋습니다. 오픈할 시간이 없습니다. 
시험, 과제점수까지 투명하게 공개하시고 학점도 위에서부터 잘라서 주십니다. 진짜 한만큼 나옵니다. 과제는 안한사람 말고는 다 비슷비슷해서 시험이 좀 중요합니다. 
많이 배웠는지는 잘 모르겠는데 성취감은 꽤 많네요."
2015,1,"개념을 명확히 설명해주신다는 점에서 보면
명강의에 속하는 편이긴 한 것 같아요.
학점은 잘 주시는 것 같아요.  
이 수업은 혼자 열람실에서 책을 보는 것보다는
교수님 수업을 잘 듣고 기출문제 풀어보는 것이
가장 효과적인 공부방법이 아닌가 싶어요. 
교수님께서는 기출 문제에서 나온 문제가 또 
안 나온다고 하셨지만, 전 나왔던 기출문제들에서
약간씩 바뀌어서 나온다는 느낌을 받아서,
기출문제 가지고 연습을 해보고 들어가시면,
시험을 볼 때에 
도움이 많이 되지 않을까 싶어요."
2015,1,"한학기 내내 한번도 괜히들었다고 생각한 적 없는강의
운영체제에 대해 어떤강의보다도 잘 가르친다고 생각한다.

듣고나면 컴구조와 연관되면서 컴퓨터에 대한 전반적인 지식이 완전히 완성된다.
컴과라면 꼭들어야하는 필수중의 필수과목인데
가르치는분이 이분야 스페셜리스트라 무조건 듣는것이 좋다.
다른교수말고 유혁교수님껄 듣는걸 추천 굉장히 잘가르치시고
목소리녹음파일도 굉장히 유용하다
다만 텀프로젝트가 조금 어려울수 있다."
2015,1,"정말정말 어려운 강의
내용도 어렵고 텀프로젝트도 어려움
교수님은 정말 좋은 분이시기는 한데
열심히 하실분 아니면 비추"
2015,1,"수업을 매우 잘 들어야 합니다. 녹음본도 다 올려주시구요

과제가 좀 빡쎕니다.

시험은 오픈북이고 완벽하게 개념을 이해해야 풀 수 있는 문제가 나옵니다.

강의는 정말 명강의 입니다."
2015,1,"이 강의는 호불호가 많이 갈릴 것이라고 생각합니다. 개인적으로 열심히 공부하는 편인데, 교수님께서 넓게 가르쳐주셔서 정말 넓게 공부하고 싶은 학생은 들으세요~ 책 오픈북이고 과제 할만합니다. 하지만, 시험이 굉장히 난감하게 나와서 개인적으로 공부해도 좋은 점수 받기 힘들어서 약간 짜증났습니다."
2015,1,"교수님께서 학생들이 질문을 많이 하기를 원하셔서 어느정도 진도를 나간 후 주로 질문에 대한 답변을 위주로 수업이 진행됩니다. 수업시간에 내주는 과제점수가 평가에는 반영되지 않는 것 같지만 시험에 응용한 내용이 출제되므로 수업과제는 하는 것이 좋은 것 같아요. 과제는 3번 나오구 비중이 50%를 차지합니다. 나머지 50%가 시험인데, 과제 점수는 다들 비슷하므로 학점은 시험을 잘봐야 잘 받을 수 있을 거 같아요. 지난 3개년 기출문제를 올려주시지만 비슷한 문제는 절대 나오지 않아요. 하지만 시험 스타일을 파악하는 데에는 도움이 될 것 같습니다."
2015,1,"텀 난이도를 줄이셨다고 하는데 정말 텀 자체는 어렵지 않다.
설명문 읽고 조금만 생각하면 거의 다 할 수 있는 과제들.
but 시험 난이도가... 어려운 건 아니지만 채점 기준에 맞춰서 풀어야 한다는게 조금 문제다.
기말고사의 경우 동기화시키는게 점수 너무 커서 망했다.
학점 자체는 잘 주시는 것 같은데 A+은 좀 적더라. 3명"
2015,1,"잘 하시는 분들은 더 잘하게 되실 것 같은 강의에요. 수업하다가 질문 많이 받으시고, 꼼꼼하게 답해주시지만 저는 질문조차도 이해가 안 갈 때가 많았어요. 교수님은 너무 좋으시지만 내용은 어려웠습니다. 과제는 2차가 제일 어려웠고, 시험은 중간 때 교수님이 만족하실 만한 성적이 아니었는지 기말이 훨씬 쉬웠어요. 잘 아시겠지만 오픈북이고, 출석 점수 없습니다. 중간중간 뭐 조사하거나 하는 작은 과제 9개 정도 내셨는데 점수에 반영되지 않았던 것 같아요. 교수님이 매우 친절하시고 열의가 넘치셔서 열심히 하고자 하는 분들이라면 많은 것을 얻어가실 겁니다."
2015,1,"교수님이 첫 시간부터 매 시간마다 녹음파일은 올려 줄테니 수업은 나오든지 말든지 맘대로 하라고 하셨다. 시험만 잘 치면 학점은 잘주겠다 하신다. 출석 안부름.
강의는 잘하시는 것 같다.
큰 과제 3번에 자잘한 과제를 10개 가까이 내주셨다.
과제 설명서가 자세하기는 하나 그래도 모르겠는걸 내주신다. 이걸 나보고 어떻게 하라는 건지 욕 나오는 기분으로 했으나 잘 못 만들어도 보고서만 잘 쓰면 점수는 후하게 주신다.
시험은 오픈북이지만 오픈북 아닌 시험보다 어렵다."
2015,1,"열심히 하는 만큼 나오는 수업은 아닙니다.
PPT 열심히 보는 것과 시험준비하는 건 별개입니다..ㅎㅎ
시험에 나오는 문제의 난이도가 상당히 높고, PPT 하고 거리가 먼 것들이 나오는 경우들이 많거든요ㅎㅎ
교수님은 너무나 좋으십니다. 수업 중에 잘 설명해주시고, 학생들이 참여할 수 있도록 많이 노력하시고요.
매 수업마다 음료수 3개씩 가져오셔서 발표하거나 질문하는 학생들에겐 음료수까지 나눠주실 정도입니다. 
다만 시험이 너무 어렵고, 수업 중에 다루던 내용과는 아무 상관없는, 새로운 내용들이 나오다 보니 중간고사
이후 학생들이 시험을 위해 준비할 의지를 잃어버리는 것이 단점입니다. 
리눅스를 다루는 텀이 있는데, 어렵긴 하지만 좋은 텀인 것 같습니다."
2015,1,"운영체제에 대한 수업으로, 2번의 시험과 3회에 걸친 과제가 있습니다. 이론 자체는 쉬운 내용은 아니지만 교수님이 워낙 수업을 잘 해주시고, 학생들의 질문을 유도하는 인터렉티브한 수업진행으로 수업에 꾸준히 참여한다면 수업내용을 따라가는데는 별 무리 없을 것 같습니다. 시험은 오픈북으로 진행되며, 특정 개념을 외운다기보다는 이해했는지 여부를 묻는 시험으로 난이도가 꽤 있습니다. 배운 내용에 대한 포괄적인 이해가 필요합니다. 과제의 경우 익숙하지 않은 리눅스 환경에서 진행해야하기 때문에 난이도가 조금 있는 편입니다만 아주 어려운 정도는 아닙니다."
2015,1,"정말 잘 가르쳐주시고 질문도 잘 받아주신다.
사람이 많아서인지 출석체크는 안하신다.
시험은 중간, 기말이고 오픈북이지만 어렵다. 깊은 이해를 요구하는듯..
3차 과제가 있지만 할 만 하고 관건은 보고서인 것 같다.
추천!"
2015,1,"학점 잘 채워주시고 과제도 충분히 열심히 하면 따라갈 만 합니다.

다만 오픈북 시험의 특성상 시험문제의 난해함은 어떻게 하지를 못하겠더라고요.

실력 반에 운 반이라고 보면 될듯."
2015,1,"일단 출석체크는 거의 안합니다. 
과제는 총 3번이구 거의다 리눅스 커널을 다루는 과제입니다.
상당히 난이도가 있는 편이었고, 아마 못낸 학생들도 조금 있었을 겁니다.
교수님 강의는 상당히 퀄리티 있었지만, 교수님의 강의력이 조금 아쉬웠습니다.
중간 기말고사도 상당히 어렵습니다.
정말 빡씨게 공부하실 분 아니면 추천하고싶지 않은 강의입니다."
2015,1,"정통대 학장님이신 유혁 교수님의 운영체제입니다.
일단 출석체크는 안하시고 매시간 강의를 녹화해주셔서
부득이하게 수업을 빠진 경우에도 수업을 들을 수 있습니다!!
시험은 오픈북 형식으로 기출문제를 가져오셔도 됩니다
다만 텀프로젝트가 난이도가 있는편이고
오픈북이라지만 학습량이 상당합니다....
그래도 이번학기 수업 중 만족도는 거의 1 2위를 다툽니다
수업 많이 좋아요 ^^"
2015,1,수업 내용을 천천히 잘 이해시켜주셔서 수업 자체에는 큰 힘듬이 없어요! 물론 그만큼 수업을 빠지면 따라가야할 내용이 많고... 질문을 많이 받아주세요. 다만 시험문제가 언제나 수업시간에 배운 내용을 토대로 거의 소설쓰듯이? 쓰게되서.. 저만 그런지는 모르겠네요
2015,1,교수님이 열정적이십니다. 이번학기 텀프로젝트는 예전에 비해 어렵지 않았던 것 같습니다. 다만 시험문제가 수업내용을 충분히 이해한 후 생각해야 답할 수 있는 문제가 많았습니다. 중간고사는 문제가 다섯개였나 해서 시간이 모자랐던 편이지만 학생들의 의견을 듣고 기말고사는 문제를 세개였나? 로 줄여서 시간이 거의 딱 맞았던 것 같습니다.
2015,1,출첵은 아예 안 하시고 그 날 수업내용을 녹음하여 올려주시기 때문에 정 급한 일이 생기면 빠지셔도 괜찮습니다. 과제는 수업시간에 교수님이 던지신 질문을 해결하는 것과 큰 과제 3개가 있는데 lab session 때 조교님께 열심히 질문하시면 과제에 대한 힌트를 많이 얻을 수 있을 것입니다. 시험치기 전에 기출문제를 올려주시는데 참고하시면 많이 도움이 됩니다. 시험이 굉장히 사고를 필요로 해서 오픈북이지만 답을 쓰기 힘들 겁니다.
2015,1,"일단 출석체크 안하시고 오픈북 시험입니다. 어차피 오픈북이어도 못쓸 문제를 내시기때문에 시험에 가서 마음껏 창작 욕구를 분출하고 오시면 됩니다
수업이 질문 위주로 나가기 때문에 이해 안되는 사람은 따라가기 힘듭니다.. 난 저 개념도 이해가 안됐는데 저 질문은 뭔 내용이고 답변은 무슨내용이지?? 싶으실수있습니다
의외로 학점은 후하게 주는 편이신것같습니다"
2015,1,중간 기말 오픈북에 텀 3개정도 있습니다. 이번 학기에는 수업과제가 자주 나왔는데 성적비중은 거의 없었어요. 오픈북이니까 열심히 수업들으세요. 교수님 강의력도 훌륭하시고 질문을 많이 받아주셔서 정말 좋습니다. 텀은 시행착오가 많이 일어나는 것들이라서 마감일에 가까울 수록 주변에 시행착오 겪은 친구들의 도움이 있다면 늦게할수록 빠르게 끝납니다. 그러니 빨리해서 친구들 도와주세요. freeday 5일을 주셔서 텀 마감시간을 유기적으로 조절할 수 있어서 좋았습니다.
2015,1,"어렵지만 많이 배울 수 있습니다.

교수님도 잘 가르쳐 주시고, 조교님들이 많이 도와주셔서 어렵지만 보람차게 배웠습니다."
2015,1,완전 어렵습니다. 오픈북이여서.... 완전...어려워요.. 근데 기출 있으면 그나마 푸는 편입니다. 텀도 많이 어렵습니다. 텀하다가 망가진 컴퓨터가 몇대인지.. ㅎ... 수업은 정말 어려워요. 너무 폭풍같이 휘몰아치고 모르는 단어가 슝슝 나와요. 그리고 질문을 많이 받으시는데 질문을 받으면 받을수록 미궁으로 빠져듭니다. 헤어나올 수 없습니다. 한번 까딱 수업 놓치면 따라가기가 힘듭니다. ㅠㅠㅠㅠㅠ어려워!!!!
2015,1,"출석 체크는 아예 안하고 시험도 오픈북입니다. 
단 시험이 오픈북인만큼 알아도 풀기 어렵게 많이 어렵습니다.
수업 시간의 60%는 질문답변으로 진행되는데, 이 과정에서 배우는 것은 많습니다.
3회의 텀이 있는데 은근히 할 일이 많습니다.
학점을 잘 받지는 않았지만 배운 양은 많은 강의였습니다."
2015,1,텀은 총 4번으로 나누어졌는데 1차는 리눅스 설치과정이므로 쉽다. 조교수업이 저녁에 있어서 텀을 할 때 큰 도움이 되었다. 출석체크는 하지 않는다. 교수님께서 진도를 조금 나가고 나면 계속 학생들에게 질문을 하는 식으로 수업이 진행된다. 녹음파일이 올라와서 수업을 안나가도 되지만 한번이라도 수업을 놓치면 다음 수업은 이해하기 힘들다. 교수님께 질문하면 잘 설명해주시기 때문에 공부를 하겠다는 생각이 있으면 잘 할 수 있다. 중간고사와 기말고사는 시험기간 1주일 전에 친다. 기출문제를 올려주시는데 비슷한 문제가 나올 때가 많다. 학점도 그럭저럭 잘나왔다.
2015,1,"교수님이 설명을 굉장히 잘해주심.
기본 커리큘럼이 있고 교수님이 기본적인 것들을 설명하면
궁금한 것들은 바로바로 질문하고 교수님이 답해주면서 수업이 진행된다.

굵은 과제가 3개있고 수업때 나오는 자잘자잘한 과제가 있는데
굵은 과제가 성적에 영향을 많이 미친다.
프로그래밍에 익숙하지 않다면 과제하는데 시간이 오래 걸린다.
프리데이라고 과제를 프리데이만큼 늦게 제출해도 감점이 없는 제도가 있다.
프리데이는 한학기동안 5일이 주어지기때문에 3개의 굵직한 과제를 할 때 적절하게 쓰면 도움이 많이 된다.

매수업시간의 모든 수업 자료와 녹음파일을 제공한다.
수업시간에 참석하는 것은 본인의 선택인데,
운영체제에 대해서 자신있으신분이 아니라면 수업에 꼭 참여하는 것을 권장한다.

시험은 교수님이 직접 내시는데 단순암기를 원하는게 아니라
기본적인 지식들을 가지고 생각해서 서술하기를 원한다.
그에 걸맞는 문제가 나온다.
오픈북 시험이지만 어느정도 머리에 운영체제에 대한 지식이 있어야
시간안에 적절한 답들을 도출할 수 있다."
2015,1,"과제 자체는 큰 어려움이 없지만 보고서가 고통스럽습니다. 미리미리 하세요!
강의 녹음 파일을 제공하지만 수업시간에 제대로 듣는게 여러모로 이득인듯"
2015,1,"전설의 명강
유혁교수님의 운영체제를 듣고나면
암기과목에서 이해과목으로 승천
과제를 다 따라오면 당신도 리누스 토발즈"
2015,1,"명강이라는 소리에 점수 못 받을 걸 감수하고 들었습니다!
그렇지만 텀 하나 날짜가 하루 밀렸음에도 좋은 점수를 받았습니다^_^
열심히 하시면 점수는 잘 받으실 수 있을 것 같아요.
정말 명강입니다! 많이 배운 수업입니다.
텀은 3개가 나오고, 시험은 오픈북으로 봅니다.
텀은 리눅스를 이용하는 텀인데,
개인적으로는 도서관 책을 참고했더니
무난하게 끝낼 수 있었던 것 같습니다.
실제로 텀 내주실 때 주시는 부차적인 자료들만으로도 도움이 많이 됩니다!
재밌게 들었던 수업입니다!"
2015,1,"제대로 된 대학수업 같습니다.

교수님이 학생들이 공부할 수 있는 최고의 환경을 만들어주십니다.

출석체크도 따로 안하고, 매 녹음파일이 업로드됩니다.

또한 학생들이 수업시간에 질문하는 내용을 성심성의껏 받아주십니다.

텀도 조교들에게 질문하면서 진행하면 크게 어렵지 않습니다.

다만 시험은 오픈북이므로 어렵게 나옵니다.

공부한만큼 나옵니다. 컴과라면 한번쯤 꼭 들어보세요"
2015,1,"수업내용은 정말 재밌고 유익합니다. 
다만 과제 3개가 비중이 많이 커서 투자해야할 시간이 많습니다.
학점은 대체적으로 잘주시지만 A+받기는 쉽지 않습니다."
2015,1,"매우좋다
출첵도 안하는데, 수업이 재미있어서 들으러 오게된다. 시험도 오픈북! 과제도 재밌다
그런데 오픈북이어도 문제를 풀 수 없다. 그부분에서 호불호가 좀 갈리는 수업인듯"
2015,1,"출석체크 없고 내용은 조금 어려운데 공부를 열심히 해야되요 
텀 내용이 수업에서 잘 안가르쳐주셔서 당황할수 있는데 그리 어렵진 않아요
학점은 그럭저럭 주세요"
2015,1,"출첵은일단없고, 중간+기말+텀+과제로 학점이결정납니다.
사전지식이 좀 있다면 재밌고 유익할테고,
별로없으면 수업때 멍.. 따라가려면 따로 공부해주시는게 편할거에요

텀은 차근차근나가서 그리 어렵지 않아요."
2015,1,"리눅스를 배우기 시작하는 단계로는 조금 어렵지만, 엄청난 량의 코드가 왜 이루어져 있는지에 대해서 배우는 시작점으로서는 괜찮았습니다. 텀은 작년에 비해 쉬웠다지만 그래도 만만하지는 않았고, 과제는 많지만 성적에 영향은 거의 없습니다. 시험은 그냥 저냥 어렵고 논술형입니다."
2015,1,"그냥 자기 쫌 안다고 생각하는 아이들의 ' 나 이만큼 안다'의 향연입니다~

그게짜증나서 좋은 수업내용마저도 듣기 싫어지게 되더군요 참고하시길"
